명칭,지역,주소,위도,경도,전화번호,내용,비용,이미지주소
국립중앙과학관,대전,대전 유성구 대덕대로 481 국립중앙과학관,127.375071,36.376155,042-601-7979,"국립중앙과학관은 이공학·산업기술·과학기술사 및 자연사에 관한 자료의 수집·보존·연구·전시 및 교육에 관한 사무를 관장하는 대한민국 과학기술정보통신부의 소속기관이다. 1990년 10월 9일에 발족하였으며, 대전광역시 유성구 대덕대로 481에 위치하고 있다.",무료/부분 유료,https://upload.wikimedia.org/wikipedia/commons/thumb/4/40/National_Science_Museum_2021.jpg/1200px-National_Science_Museum_2021.jpg
옛터민속박물관,대전,대전광역시 동구 산내로 321-35,127.4408904,36.2151208,042-274-0016,"옛터민속박물관은 2001년 3월 개관한 대전광역시 제4호 사립박물관으로 등록된 민속전문박물관이다.
생활사 전반의 민속유물을 체계적으로 수집·보존·연구·전시하는 기관으로 점차 소멸되어가는 전통문화를 재조명하여 대전지역의 문화예술발전에 이바지하기 위해 설립되었다.
민속문화를 소개하는 열린 공간으로 시민들의 문화의식에 부응할 수 있도록 장신구, 고화, 고서, 민예품, 도토기, 자기, 석조, 고가구 등의 다양한 유물을 소장 및 전시하고 있다.
매년 전시실에서 특별기획전을 열어 소장 유물을 선보여 관람객들의 문화의식 함양에 기여하고 있으며, 다양한 교육 프로그램을 시행하여 대전시 평생교육 박물관으로서 역할을 다하고 있다.",무료,https://museumonroad.org/wp-content/uploads/2023/04/%EC%99%B8%EB%B6%80-%EC%95%BC%EA%B2%BD-870x555.jpg
대전시립박물관,대전,대전광역시 유성구 도안대로 398,127.335137,36.3364439, 042-270-8600,"대전시립박물관은 대전 서남부에 위치한 박물관이다.
이 박물관은 대전 도안신도시 개발에 따라 시민들의 문화공간으로 2012년 10월 16일 개관하였다. 시설은 상설전시실, 기증유물실, 기획전시실, 도시홍보관으로 구성되어 있다. 상설전시실에서는 대전 유학자의 삶과 문화를 주제로 귀중한 대전의 문화재들이 전시되어 있고, 기증유물실에는 대전시민들이 기증해주신 유물들을 전시하고 있다. 또한, 기획전시실에서는 매년 1~2회 특별전을 개최하여 다채로운 볼거리를 제공하고 있다. 이와 더불어 대전시민들이 배우고 놀 수 있는 공간이 될 수 있도록 다양한 체험프로그램과, 강좌, 공연 등을 다수 개최하고 있다.
대전시립박물관은 도안대로와 상대복용로가 만나는 상대네거리 근처에 있으며, 고속도로는 호남고속도로 지선 유성IC 및 대전남부순환고속도로 서대전IC가 가깝다. 주변에는 유성온천, 도솔산, 월평공원 등이 있다.",무료,https://upload.wikimedia.org/wikipedia/commons/9/95/Daejeon_Municipal_Museum.jpg
지질박물관,대전,대전광역시 유성구 과학로 124,127.362326,36.377519,042-868-3797,지질박물관은 93년 대전 엑스포를 계기로 지질표본관이 생긴 뒤 각종 지질 및 관련 내용을 제대로 갖춘 박물관의 중요성이 대두됨에 따라 2001년 개관했다. 이곳은 외관에서부터 제대로 짓고자 고민한 흔적이 역력히 묻어난다. 오각형 모양의 스테고사우르스 골판에서 착안한 디자인의 건물은 대형 암석 및 광물 표본과 화석 등이 전시된 넓은 잔디밭 산책로와 어우러져 한층 더 독특한 멋을 풍긴다.,무료,https://cdn.daejonilbo.com/news/photo/201410/1139858_166525_2929.jpg
대전선사박물관,대전,대전광역시 유성구 노은동로 126 (노은동),127.323815,36.371753,042-270-8640,"대전선사박물관은 대전 유성구 서부에 위치한 선사시대 전문 박물관이다.
이 곳은 대전의 구석기시대에서 철기시대까지의 고고 유물과 유적을 한 눈에 살펴볼 수 있는 선사시대를 테마로 한 전문박물관이다. 박물관은 1997년 발굴된 노은동 유적지 안에 위치하며, [노은선사문화관]을 비롯하여 대전의 선사문화를 한눈에 볼 수 있는 총 5개의 전시실을 운영하고 있다. 또한, 야외 체험장과 체험전시실 등을 갖추고 있어 학생들을 위한 학습공간으로도 손색이 없다.",무료,https://minio.nculture.org/amsweb-opt/multimedia_assets/126/86294/96462/c/%EB%8C%80%EC%A0%84%EC%84%A0%EC%82%AC%EB%B0%95%EB%AC%BC%EA%B4%80_%EA%B5%AC%EC%84%9D%EA%B8%B0-%EC%A0%84%EC%8B%9C%EC%8B%A4-%284%29_rev-medium-size.jpg
한국조폐공사 화폐박물관,대전,대전광역시 유성구 과학로 80-67,127.3705556,36.3775,042-870-1200,"동전 나와라 뚝딱! 지폐 나와라 뚝딱!화폐박물관
 최초의 화폐는 어떤 모습이었을까요? 또 동전은 어떻게 만들어졌을까요? 한국조폐공사가 운영하는 화폐박물관에 오시면 모든 궁금증을 해결할 수 있습니다. 우리나라 최초의 화폐전문 박물관으로 2층 규모 4개 전시관에 무려 4,000여 점의 화폐 자료가 전시돼 있답니다. 조개껍질 등 고대 물품화폐부터 현존하는 최초의 주화로 알려진 ‘건원중보’, 고종 때 만들어진 ‘대동은전’ 등 근·현대 화폐까지 여러 전시물을 감상하며 화폐의 역사를 접할 수 있습니다.",무료,https://museum.komsco.com/images/site/museum/content/greeting_bg2.jpg
한밭교육박물관,대전,대전광역시 동구 우암로 96 (삼성동),127.4287899,36.3373822,042-670-2200,"한밭교육박물관은 1992년 7월 10일 교육부의 승인을 받아, 대지 4,198㎡에 연건축면적 2,195㎡으로 9개의 전시실과 3개의 전시장, 야외 전시장 그리고 각종 부대시설을 갖추고 옛날에 사용하던 교과서를 비롯하여 교육관련도서, 교육학습기록, 교원학생서장, 사무용품 등 교육관련유물 총 27,000여점의 자료를 보존, 전시하고 교육과정과 연계하여 학생들의 학습장으로 활용되도록 운영하고 있는 교육박물관이다. 제1전시실에서는 옛날 서당교육의 모습에서부터 구한 말 신식교육이 들어오기까지의 생생한 모습과 많은 자료가 시대, 영역별로 전시하고 있으며, 제2전시실에서는 일제 강점기 시절의 여러가지 아픈 과거인 창씨개명서장, 황국신민서사석 등 황민화 교육의 모습들이 전시되어 있다. 제3전시실에는 해방과 더불어 시작된 교수요목기부터 7차 교육과정기 까지의 우리교육이 발달해 온 모습이 각종 교과서 및 교구 자료와 함께 전시하고 있으며, 제4전시실 에는 조선시대 교육기관 모습이 모형촌으로 그 시대의 사회 풍습과 더불어 전시하고 있다. 그 외 제5전시실은 옛날의 사랑방을 중심으로 한 선비들의 생활모습과 각종 민속자료들, 제6전시실은 안방에서의 여인들 생활모습, 제7전시실에서는 어전회의 모습과 옛날 저잣거리 모습이 전시되어 있다.

이러한 전시실을 기반으로 한밭교육박물관은 우리의 교육 문화는 물론 생활, 민속, 문화도 한눈에 볼 수 있는 훌륭한 교육의 장으로 자리 잡고 있다.문화재로도 인정받는 한밭교육박물관 건물 한밭교육박물관 건물은 1938년 6월 8일 준공된 건물로 학교 건물로 대전에서는 가장 오래된 건물이다. 한번의 개축도 없이 학교 건물로 사용되었으며, 6.25전쟁 당사에는 유엔과 북한군이 번갈아 주둔하여, 지금까지 당시 총탄의 흔적이 선명하게 남아있다. 이러한 중요성으로 인해 현재 대전광역시 문화재자료로 지정되어 있다.

",무료,https://upload.wikimedia.org/wikipedia/commons/thumb/8/89/%EC%82%BC%EC%84%B1%EC%B4%88%EB%93%B1%ED%95%99%EA%B5%90%EA%B5%AC%EA%B5%90%EC%82%AC.jpg/290px-%EC%82%BC%EC%84%B1%EC%B4%88%EB%93%B1%ED%95%99%EA%B5%90%EA%B5%AC%EA%B5%90%EC%82%AC.jpg
충남대학교대덕캠퍼스자연사박물관,대전,대전 유성구 대학로 99 (궁동) 충남대학교 자연사박물관 (충남대학교 E1-3),127.3453284,36.3635208,"042-821-5291, 5292","자연사 박물관의 표지판을 지나면 자연사 박물관의 입구가 보이는데요. 자연사박물관으로 내려가는 길에 여러 작품들이 있어서 재미있게 구경하면서 걸어들어갔습니다.
이곳?자연사 박물관의 규모는 그리 크지는 않지만 7,600여점의 표본을 가지고 있어서 볼 것이 많았습니다. 자연사박물관 안내도의 각 번호의 설명은 아래를 참고하세요.

-제1전시실? 1. 암석전시장? 2. 광물전시장? 3. 화석 전시장
-제2전시실? 4. 곤충전시장? 5. 어류전시장? 6. 해조류전시장? 7, 8. 관속식물전시장? 9. 미생물전시장? 10. 조류전시장? 11. 특별전시장
-기타? 12. 학예실? 13. 준비실? 14, 15. 수장고? 16. 화장실??17. 비상구
",무료,https://mblogthumb-phinf.pstatic.net/MjAyMjAzMDVfMjE4/MDAxNjQ2NDUxNTE5ODk3.TaTAlG8jRcC3l4onDXu2El8AE5dFsfksHPKnEdmZHvcg.F0p1CpKHWqr1HRLJGuPJxqJD7Z2ZZO8dZjuO7SxD5RUg.JPEG.hyehwa0056/20220225%EF%BC%BF134421.jpg?type=w800
한국족보박물관,대전,대전광역시 중구 침산동 367,127.386825,36.283936,042-288-8310,"한국족보박물관은 우리나라 유일의 족보 전문 박물관으로, 1997년 뿌리공원 개장과 함께 개관하였으며, 5개의 상설전시실과 1개의 특별전시실을 갖추고 있습니다.



상설전시실은 족보의 역사와 기능, 족보의 종류와 활용법, 족보에 나타난 우리 민족의 삶과 문화 등을 주제로 구성되어 있습니다. 특히, 족보의 역사와 기능을 보여주는 전시실은 족보의 기원과 발달 과정, 족보의 기능과 역할을 한눈에 볼 수 있어 많은 관람객들의 사랑을 받고 있습니다.



특별전시실에서는 다양한 주제로 기획전시가 열리고 있습니다. 과거에는 족보에 대한 전시가 주를 이루었지만, 최근에는 족보와 관련된 다양한 문화 콘텐츠를 소개하는 전시가 늘어나고 있습니다.



한국족보박물관은 족보에 대한 이해와 관심을 높이고, 우리 민족의 뿌리를 찾는 데 기여하고 있습니다. 또한, 족보의 가치를 알리고, 족보문화를 보존하고 발전시키는 데에도 앞장서고 있습니다.



한국족보박물관은 매주 월요일과 설날, 추석 당일은 휴관하고, 그 밖의 날은 오전 10시부터 오후 5시까지 운영하고 있습니다. 관람료는 무료입니다.",무료,https://www.newstnt.com/news/photo/202111/116420_114448_574.jpg
천연기념물센터,대전,대전광역시 서구 유등로 927,127.3925611,36.3676596,042-610-7610,"천연기념물센터는 자연유산인 천연기념물과 명승에 대한 체계적인 조사·연구와 전시·교육을 통하여 그 가치와 중요성을 국민에게 널리 알리기 위하여 설립된 국가연구기관입니다. 천연기념물센터 전시관에는 자연유산에 대한 연구 결과물인 공룡알·발자국 등의 화석, 반달가슴곰, 수달, 독수리 등의 동물 박제 표본, 존도리 소나무 등의 식물 표본 등을 전시하여 전문연구자와 청소년의 학습에 도움을 주고 있으며, 체험 공간, 검색 키오스크, 영상실 등을 통하여 독창적인 체험학습 기회를 제공하고 있습니다. 또한 유네스코와 세계 여러 나라의 자연유산 전문기관 및 자연사박물관과의 학술교류를 통하여 명실상부한 자연유산 전문연구기관으로 발전해 나가고 있습니다.",무료,https://cdn.imweb.me/thumbnail/20190506/5ccf557549b56.jpg
한남대학교 중앙박물관,대전,대전광역시 대덕구 한남로 70 한남대학교 인사례교양동 3ㆍ4층(우 34430),127.4225257,36.3547825,042-629-8254,한남대학교 중앙박물관은 1982년 개관하여 40여 년 동안 선조들이 남긴 귀중한 문화유산을 발굴ㆍ수집ㆍ보존하면서 선사시대부터 현대에 이르기까지 고고ㆍ민속ㆍ기독교사ㆍ한복ㆍ고문서ㆍ대학교사자료 등 다양한 자료를 축척하여 명실상부한 종합박물관의 면모를 갖추고 있습니다.,무료,https://cdn.edujin.co.kr/news/photo/201609/13760_18327_5441.jpg
테미마을박물관,대전,대전 중구 보문로 184,127.4249723,36.3193656,042-252-2238,"대전 최초 주민 주도형 마을 박물관으로 주민들의 열정과 노력으로 만들어진 공간입니다. 테미마을 박물관은 기획 전시실과 상설 전시실로 나뉘어 있고,

2024년 1월 17일부터 기획 전시실에서는 ""대전의 마을 돌장승과 바위구멍"" 전시가 진행되고 있습니다. 

?

이번 전시에서는 비룡동 줄골 돌 장승을 비롯한 대전의 마을 돌장승과 함께 바위 구멍을 소개하고 있는데요.

대전의 돌 문화유산에 담긴 다양한 이야기를 만나보길 바라는 마음에서 전시를 개최했다고 합니다.",무료,https://img.hankyung.com/photo/202402/AKR20240220087600063_01_i_P4.jpg
대청호자연생태관,대전,대전광역시 동구 추동 454-3,127.4707328,36.3732163,042-274-6314,"호반낭만길'이라고 불리는 대청호오백리길 4구간에 있는 대청호자연생태공원은 생태공원과 대청호의 자연이 어우려져 있는 낭만적인 공간이다. 대청호는 대전의 대덕구, 동구와 충북의 청주시, 옥천군, 보은군에 맞닿은 커다란 인공호수다. 호수 둘레의 길이가 80킬로미터에 이르며, 한국에서 세 번째로 큰 호수로 주변 풍경이 아름다워 드라이브코스로 유명하고 대청호오백리길이 다듬어지면서 많은 사람들이 즐겨  찾는 장소가 되었다.",무료,https://gocamping.or.kr/upload/camp/1272/thumb/thumb_1000_96940lp2t7ZmKkDts28E6ism.jpg
해피뮤지엄,대전,대전 대덕구 남경마을로1번길 6,127.429677,36.4434744,042-936-3232,"즐거움이 가득한 체험형 교육 박물관
대전광역시 대덕구에 위치한 해피뮤지엄은 아동 발달 과정을 접목한 체험 및 전시, 공연을 한 곳에서 만날 수 있는 곳으로 3세부터 7세까지 이용 가능하며, 여러 프로젝트를 통해 재미있고 특별한 경험을 해볼 수 있습니다.","성인 7,200원, 어린이 14,200원",http://bbkk.kr/d/t/39/3943_%EB%A9%94%EC%9D%B8.jpg
국립청주박물관,충북 청주시,충북 청주시 상당구 명암로 143 국립청주박물관,127.5117113,36.6494121,043-229-6300,"국립청주 박물관은 충북지역의 문화유산을 조사·발굴하고 연구하여 전시하고 있으며 다양한 교육 프로그램을 통해 청주지역의 문화 특색을 조명하고자 1987년 10월 30일 개관했다. 박물관은 우리나라 대표 건축가 김수근 선생이 설계했으며 한국 현대건축의 기념비적인 작품으로 우암산 동쪽 기슭의 풍광을 배경 삼아 상당산성에 이르는 골짜기에 자리 잡고 있다.
2022년 상설전시관을 새롭게 개편해 공개했으며 고고실과 미술실에는 충청북도의 선사, 고대, 삼국, 통일신라, 고려, 조선 발굴품 및 금속 문화재와 불비상 등 1,400여 점을 전시하고 있고 고 이건희 회장 수집 금속 문화재를 함께 전시하고 있다. 또, 국립청주박물관의 금속 문화 브랜드 강화를 위해 금관실을 열고 금속공예의 정수, 서봉총 금관과 금 허리띠를 공개하고 있다. 전시 이해를 위해 휴게공간에 시각장애인을 위한 촉각 체험물, 음성해설, 큰 글씨 책자를 비치하였고, 충북의 명소 관련 영상물을 상영하는 공간을 마련했다.
박물관 야외에는 진천 석장리 유적 백제 제철로 복원시설 및 청주 용담동 유적 통일신라 무덤을 복원 전시했다. 또한 고 이건희 회장이 기증한 836점의 석조문화재 중 210여 점을 선별하여 야외 석조 정원을 새롭게 조성했다.
국립청주박물관은 매년 다양한 주제의 특별 전시를 비롯하여 박물관 연구과정, 어린이 박물관 학교, 전통문화교실 등의 문화·교육 프로그램과 봄 문화축제 등 행사를 마련하고 이용자들에게 다채로운 경험을 제공하고 있다.",무료,https://img.hankyung.com/photo/202204/AKR20220413045900005_01_i_P4.jpg
의림지역사박물관,충북 제천시,충북 제천시 의림대로47길 7,128.2095127,37.1761486,043-641-6571,"제천 의림지는 오랫동안 기능해 온 그 역사성, 자연입지 환경을 이용해 축조한 구조적인 우수성, 관개면적이 담수면적의 13배에 이르는 관개의 효율성 등으로 국내 유일 현존 최고의 저수지라 칭합니다.
현재까지도 의림지는 저수지의 기능을 담당하며 제천 농경문화의 한 축을 담당하고 있으며, 함께 명승지로 지정된 제림과 함께 다양한 동·식물의 생태지로 기능하며 많은 사람들의 사랑을 받고 있는 공간입니다.
제천시에서는 가치를 따질 수 없는 의림지라는 보물을 담아, 2019년 1월 의림지 역사박물관을 개장, 의림지의 역사(역사의 함), 수리관개 자원과 농경문화(문화의 함), 일원에 서식하는
동·식물의 생태(생명의 함), 현대적인 디지털액자와 트릭아트 등을 통한 문화 콘텐츠 체험(추억의 함)을 상시 소개하고 있으며, 연 1회 이상의 기획전시회 운영, 스탬프 체험, 박물관 시네마, 전통놀이 체험 등 다양한 연계 프로그램을 제공하고 있습니다.","성인
2,000원
어린이?청소년?군인
1,000원",https://tour.jecheon.go.kr/DATA/clturCntnts/202012240616123382jo.jpg
한독의약박물관,충북 음성군,충북 음성군 대소면 대풍산단로 78,127.4652168,36.9705606,0507-1416-1012,"‘옛날 사람들은 병을 어떻게 치료했을까? 1920년대 치른 약제사 시험에서 수석 합격해 처음으로 합격증을 받은 인물은 누구일까? 서양에서는 사람에게 동물 피를 수혈한 때가 있었다는데 왜 그랬을까? 우리 선조들은 소화가 안 될 때 어떻게 했을까?’ 동서양 의약 관련 유물을 관람하고 소화제를 만들어보며 이런 궁금증을 풀고 지식도 넓히는 흥미로운 박물관이 있다. 충북 음성 한독음성공장에 자리한 한독의약박물관이다. 누구나 무료로 관람할 수 있고, 연령대별 맞춤 프로그램이 충실해 가족 여행 코스로 제격이다.",무료,https://www.handokmuseum.com/img/og_img.jpg
청주고인쇄박물관,충북 청주시,충북 청주시 흥덕구 직지대로 713 청주고인쇄박물관,127.4714753,36.6440447,043-201-4266,"청주시는 유네스코와 함께 「직지」의 유네스코세계기록유산 등재를 기념하고 세계기록유산 보존과 활용에 크게 공헌한 개인과 단체에 유네스코 직지상을 수여함으로써 금속활자 발상지인 청주, 더 나아가 대한민국의 위대한 문화유산을 알리는데 힘쓰고 있다.
근현대인쇄전시관은 19세기 말 서양의 납활자 인쇄기술 도입을 시작으로, 한국 근대인쇄술의 발전사와 현재 그리고 미래 인쇄기술의 발전 방향을 소개하고 있다. 한국의 근대인쇄문화가 어떻게 발달하여 오늘에 이르렀는지를 배우고, 미래는 어떤 모습으로 발전해 갈 것인지를 가늠해 볼 수 있다. 어린이와 가족, 어른들을 위한 인쇄 체험교실이 마련되어 있어 근대와 현대의 인쇄문화를 이해하는데 도움이 될 것으로 기대된다.

",무료,https://img.hankyung.com/photo/202306/AKR20230627107700064_01_i_P4.jpg
증평민속체험박물관,충북 증평군,충북 증평군 증평읍 둔덕길 89 증평민속체험박물관,127.5960004,36.7640792,043-835-4154,"둔덕마을에는 우리의 고유한 전통문화를 보고 느끼고 체험할 수 있는 증평민속체험박물관이 있다. 넓은 잔디를 중심으로 두레관이 먼저 보이고 그 뒤로 문화체험관, 향토자료관, 공예체험장, 한옥체험장 등이 자리한다. 두레관은 증평의 전래 민속놀이인 ‘장뜰두레놀이(농사와 관련된 노동요를 풍장과 함께 구성한 놀이)’를 주제로 꾸며졌다. 고된 농사일을 놀이로 승화해낸 우리 선조들의 멋과 흥을 느껴볼 수 있는 흥미로운 공간이다. 단체 요청이 있으면 수시로 두레놀이 공연이 펼쳐진다. 문화체험관에서는 세계 각국의 인형과 대장간 전시가, 향토자료관에서는 농경문화와 증평의 역사에 관한 전시가 이뤄진다. 한옥체험관은 단순히 보는 데서 그치지 않고 실제 들어가 볼 수 있는 공간이 많아 제대로 된 체험이 가능하다. 대장간체험, 먹거리체험, 목공예체험, 도자기체험, 공예체험 등 아이들이 흥미를 느낄 만한 체험거리가 가득하다.",체험별 별도 유료,https://cdn.ccdailynews.com/news/photo/202301/2179614_630327_1359.jpg
한지체험박물관,충북 괴산군,충청북도 괴산군 연풍면 원풍로 233,128.0152241,36.7855928,043-832-3223,"원풍리 옛 신풍 분교 자리에 위치한 괴산 한지체험박물관은 9,380㎡의 부지에 지상 1층 건축면적 1,326㎡ 규모의 한지 박물관이다.
한지 단일품목으로는 세계 유일의 한지박물관이며, 토종 닥나무를 이용하여 많은 연구와 전통문화 계승 한지의 진정한 가치를 확인할 수 있는 문화공간이다. 무형문화재로 지정된 안치용 한지 장인이 관장을 맡고 있으며, 이곳에서 한지 관련 유물을 관람하고, 전통 한지 뜨기, 야생화지 뜨기, 한지 소원 만들기 등을 직접 만드는 체험을 해 볼 수 있다.

상세정보
"," 일반 : 성인 4,000원 / 청소년 3,000원
단체 : 성인 3,000원 / 청소년 2,000원 (20인이상 )
※ 입장료 상당의 고급한지 증정 / 체험비 별도",https://www.goesan.go.kr/DATA/tour/info/726/A102BD57-5CB4-D098-EBC7-2AE534C8595A.jpg
수안보 곤충박물관,충북 충주시,충청북도 충주시 수안보면 관동길 152,127.9999642,36.8543193,043-857-1800,"수안보 곤충 박물관은 1500종 1만여 점의 국내외 곤충표본이 전시된 곳이다. 충주지역에서 직접 채집한 곤충류와 외국 곤충류가 있어 국내외 곤충을 비교하며 학습할 수 있다. 박물관과 함께 운영되는 체험학습장에서는 천연 염색, 나무곤충 만들기, 점핑클레이로 곤충 표현하기 등 곤충과 관련된 다양한 체험을 경험할 수 있다. 또한 살아있는 장수풍뎅이, 왕사슴벌레 등의 곤충을 직접 만져보는 기회도 가져볼 수 있다.
이 밖에도 박물관 내 동물교감치유농장이 마련되어 있어 곤충 외에 자연에서 만나볼 수 있는 양, 토끼, 꿩 등의 동물들을 직접 눈으로 보고 먹이주기 체험을 통해 보다 가깝게 교감할 수 있고 짚라인, 해적 밧줄놀이 등의 놀이 기구도 즐길 수 있다.","24개월~성인 5,000원 (동물먹이 제공)
※ 입장료로 곤충박물관, 창의박물관, 동물교감치유농장 관람 및 체험 가능",https://post-phinf.pstatic.net/MjAyMjEwMTlfMTU4/MDAxNjY2MTgzNDYzMDk4.19i11wbG-IGQ_8WaaKreCIj669xbC_W0Srhvvh37G1wg.7RHPxxGNv8hB-qa3p9QQfvUK3K15beqzHqXJFjiHpIgg.JPEG/IMG_7818.JPG?type=w800_q75
세계무술박물관,충북 충주시,충청북도 충주시 남한강로 24,127.9077847,36.988511,043-857-9416,"세계무술박물관은 충주 탐금공원(구 세계무술공원) 내에 위치한 박물관이다. 박물관 1층에서는 세계무술과 풍물을 전시하고 있다. 세계 무술을 영상으로 감상할 수 있으며, 여러 무술 단체들이 기증한 민속 공예품과 무기들을 관람할 수 있다. 또한 그동안 열렸던 ‘충주세계무술축제’의 순간을 담은 사진들도 볼 수 있다.
2층은 세계 무술의 기원과 역사에 대해서 관람할 수 있다. 우리나라 무술의 기원과 역사에 대해 자세히 알 수 있다. 고구려 시대부터 이어온 우리나라 전통 무술인 수박과 택견에 대해서도 살펴볼 수 있다. 택견의 계보와 여러 동작을 동영상과 조형물로 함께 관람하며 공부할 수 있다.
3층에서는 다양한 세계무술을 살펴볼 수 있다. 아시아, 유럽, 아프리카, 아메리카의 무술을 소개하고, 여러 나라의 무기와 관련 자료를 전시하고 있다. 베는 무기, 찌르는 무기, 방어용 무기 등 다양하게 분류하여 소개하고 있다. 우리나라 무술인 택견의 시작과 전수에 대해서 신한승 선생님의 모형물과 함께 관련 기록을 살펴볼 수 있다.

",무료,https://cdn.imweb.me/thumbnail/20200711/60ca3aeae4a72.jpg
세계기독교박물관,충북 제천시, 충청북도 제천시 백운면 구학산로 1164-14,128.0214673,37.2061385,043-651-0191 / 010-7149-7345,"2020년 5월 22일, 조용한 산골짜기 마을에 지어진 세계기독교박물관에는 김종식 관장님이 일평생 수집한 1만 3천여점의 기독교 관련 유물들이 전시되어 있습니다.
세계기독교박물관은 종교 유물의 엄숙함과 자연의 평화로운 매력을 모두 지니고 있는 박물관으로 이스라엘 지형을 본따 만들었으며 성서에 등장하는 나무와 열매를 심어 마치 이스라엘 성지순례를 온 것 같은 착각을 일으킬 정도입니다.
본관 건물은 예루살렘을 향해 서 있으며, 큼직한 촛대와 히브리어(‘태초에’)를 디자인하여 성스러운 느낌을 배가하였습니다.
박물관은 제1,2전시실과 야외전시장, 특별전시장, 체험장, 성지 이스라엘, 성경식물원 등으로 전문 해설사와 꼭 동행하여 안내를 들으셔야 하므로 반드시 예약을 하셔야 하며, 해설시간은 120분으로 알차게 준비되어 있습니다.","성인 기준 1만원이지만 입장객 수에 따라 6천원까지 할인되며, 다자녀 가족이나 재방문자에게도 50%할인 혜택이 주어진다.",https://cdn.jayupress.com/news/photo/202308/20840_27750_353.jpg
충주박물관,충북 충주시,충청북도 충주시 중앙탑면 중앙탑길 112-28,127.8652275,37.0167203," 안내실 043-850-3924
사무실 043-850-3921","충주 박물관은 중원 문화권의 학술 연구과 유물 및 유적 등을 보존하고 각종 특별전 등의 행사를 통해 시민과 함께 하는 박물관 실현을 목적으로 설립된 곳이다. 제1전시관, 제2전시관, 야외전시공간 등으로 구성되어 있다.
제1전시관은 충주 미륵대원지, 정토사 홍법국사실상탑 모형, 석불입상 등과 같은 불교 유적을 전시한다. 야외전시유물은 율능리 석불입상, 장성리 삼층석탑, 용탄동 석탑 등의 불교 관련 유물과 각종 묘비, 문안석 등 많은 석조 유물이 전시되어 있다.
제2전시관은 충주 지역에서 출토된 자료를 중심으로 선사시대부터 통일신라시대까지 시대적 특징을 알아 볼 수 있는 곳으로 금릉동에서 출토된 찍개와 충주 조동리 유적에서 출토된 돌도끼, 그물추, 화살촉 등 선사시대 유물, 삼국·통일신라 시대의 토기, 기와류, 금속 유물을 전시했다. 특히 충주 고구려비와 단양적성비(모형)를 전시하여 충주 지역이 삼국시대 최대 요충지이었음을 보여주고 있다.",무료,https://www.cjwn.com/imgdata/cjwn_com/201901/2019011525303471.jpg
한국차문화박물관,충북 제천시,충청북도 제천시 봉양읍 국사봉로 741,128.1146147,37.0897545, 043-651-8800,"폐교되었던 옛 봉양초등학교 봉남분교장을 수리, 2017년 5월 개관한 한국차문화박물관은 중국 전통차인 보이차 전물 박물관으로, 1970년대부터 50여년 간 중국, 일본 등을 오가며 수집한 2,500여점의 차 관련 제품이 상설 전시되고 있습니다.
한국차문화박물관은 권진혁 관장이 사비로 수집한 찻잔과 차호(자사호), 주전자 등 중국 고대와 근대의 차 도구들을 만날 수 있으며, 차마고도의 다양한 보이차와 차 문화 관련 다양한 제품, 차 시음까지 체험해볼 수 있습니다.","성인 : 8,000 / 학생·단체 : 5,000",https://tour.jecheon.go.kr/DATA/clturCntnts/20201223105318780MJX.jpg
진천화폐박물관,충북 진천군,충북 진천군 진천읍 생거진천로 1401 (장관리 357),127.4331742,36.8713761,043-753-7530,"진천 화폐박물관은 진천과 진천을 잇는 국도인 생거진천로 위에 자리잡고 있다. 이 공간은 젊어서부터 화폐를 사랑하게 된 남자, 김진세(65)관장이 운영하는 화폐박물관이다. 어린 시절 가난한 삶으로 인해 돈이 참으로 소중했던 시기를 겪었던 김 관장. 점차 나이를 먹고 지속적으로 변화하는 화폐를 보며 어린시절 소중했던 화폐들의 향수를 잊지 못했고, 조금씩 화폐들을 수집하기 시작했던 것이 지금의 화폐박물관의 시작이었다.",무료,https://mblogthumb-phinf.pstatic.net/MjAyMTAxMjlfOTkg/MDAxNjExOTAzMzM1MjAx.52C3VN1LxYUcYvLsRuJVlzdYLebYaA6OXJrsm4GbG_og.Pn2wedp4ZyTAtRCpTFCY0uKUVwzQmC79nPvdxE4w0VIg.JPEG.jincheongun/1.jpg?type=w800
철박물관,충북 음성군,충청북도 음성군 감곡면 영산로 360,127.6493909,37.0908889,043-883-2321,"철 박물관은 철, 금속에 대한 다양한 소장품을 만나 볼 수 있는 철 소재의 박물관이다. 철 생산과 관련된 문화유산을 통해 지역과 공동체 문화의 함양에 이바지하고자 2000년 7월 21일에 개관하였다. 박물관은 문화와 자연이 어우러진 환경 속에 자료 수집, 학술 연구 및 지원, 교육과 문화 행사 등 관심 있는 전문가와 일반인이 모두 즐길 수 있는 다양한 활동을 하고 있다.
등록문화재인 전기로와 조선 후기 제철 유적을 관람할 수 있다. 소통, 상상, 환경을 핵심 비전으로 운영되고 있는 철 박물관에서는 금속을 이용한 다양한 체험 활동을 통해 새로운 경험을 할 수 있다. 철에 대한 새로운 가치와 우수성을 보다 쉽게 이해할 수 있는 문화공간이자 어른뿐만 아니라 아이들도 재미있게 즐길 수 있는 다양한 체험과 교육 프로그램이 마련되어 있는 곳이다."," [체험료]
호루라기 만들기 500원
병뚜껑자석 만들기 500원
곤충목걸이 만들기 1,000원(30분) / 2,000원(40분)
제철로모형 만들기 9,000원",https://www.kriss.re.kr/download/1414032318584.jpg
조동리선사유적박물관,충북 충주시,충청북도 충주시 동량면 조동1길 15,127.961834,37.0263963,043-850-3991,"충주 조동리 선사유적 박물관은 2005년 개관한 곳으로 집중호우로 인해 발견된 빗살무늬토기, 돌도끼 등 많은 석기 유물을 보존하고 소개하기 위한 곳이다. 지하 1층, 지상 2층 규모로 각종 토기류와 석기류 유물을 국가로부터 일부 대여받아 전시하고 있다.
1층에는 조동리 선사유적지, 한국의 선사문화, 조동리의 생활상 등을 볼 수 있는 생활문화실이 있다. 2층에는 벼의 기원과 진화, 한국의 농경, 조동리의 농경 생활을 살펴볼 수 있는 쌀 문화실과 영상 체험 전시실, 학예 연구실 등이 있다.",무료,https://image.mycelebs.com/travel/new/ho/395855_ho_1499102761.jpg
진천종박물관,충북 진천군, 충청북도 진천군 진천읍 백곡로 1504-12,127.4137142,36.8706549,"진천 종박물관 043-539-3847,8","진천종박물관은 한국 종의 연구, 수집, 전시, 보존은 물론 기획전시, 교육 및 다양한 활동 등을 통해 세계적으로 그 가치를 인정받은 한국 종의 예술적 가치와 우수성을 알리고자 2005년 9월 개관하였다. 또한 국내에서 가장 앞선 것으로 조사된 진천 석장리 고대 철생산 유적지가 있는 진천에 건립되어 그 의미가 깊다. 진천 석장리는 한국최초로 4세기대로 편년되는 고대제철로의 실례(實例)가 발견되었다는점을 들 때 금속공예의 제작도 가능하였음을 의미한다. 진천 인근 지역인 청주 운천동에서 통일신라시대 후기의 범종이 출토되었고, 고려시대의 용두사지 철당간도 남아있다.고대 유적 가운데 최대규모의 제철로를 소유했던 진천에 금속예술의 극치를 보여주는 범종의 문화를 기리는 종박물관의 건립은 필연적 인연이라 하겠다."," 진천 종박물관+ 생거판화미술관
성인(20~64세) 5,000원",https://www.jincheon.go.kr/upload/bbs/00000181/2016/1479878961959_Wdt4hwtzM7MVNqeLJCM7.jpg
공군박물관,충북 청주시, 충청북도 청주시 상당구 남일면 단재로 635,127.5251418,36.5823092,"정훈 공보실 043-290-6092 / 견학 문의 043-290-6118, 043-290-6116","공군 박물관은 국내 유일의 항공 군사 박물관으로 공군사관학교 내에 자리하고 있다. 우리나라 공군 및 공군사관학교의 발전사에 관계되는 자료를 수집·전시하고, 주요 군사 문화재를 전시함으로써 사관도 및 장병에게 긍지와 자부심을 갖게 하고 국민들에게 공군의 활약상을 널리 알리는 것을 목적으로 한다. 실내 전시실의 규모가 3,123.9m², 야외 항공기 전시장의 규모가 16,529m² 정도 된다.
공군 박물관의 전신은 1979년 서울 대방동에 공군사관학교가 있을 당시 문을 연 공군 기념관이었으나 1985년 12월 지금의 공사 캠퍼스로 이동하면서 명칭도 공군 박물관으로 변경됐다. 소장품은 4천3백여 점이며 이 가운데 1천2백여 점이 전시되고 있다.
1층은 공군의 태동기부터 현대기까지 역사를 볼 수 있으며 이희우 박사가 세계에서 수집하고 기증한 200여 점의 종이비행기 전시관과 영화관이 있다. 2층은 공군사관학교의 역사와 사관생도의 생활을 볼 수 있고 항공작전을 통제하고 영공을 24시간 감시하는 레이더 감시체제를 전시하는 방공관제를 시청각 자료로 관람할 수 있다. 야외 전시장은 공군이 최초로 보유한 L-4, L-5 항공기를 비롯한 총 30대 전시되어 있어 공군에 대해 알고 싶고 공군이 되고자 하는 청소년에게 체험의 장이 되고 있다.",무료,https://museumnews.kr/wp-content/uploads/2016/05/%EA%B3%B5%EA%B5%B0%EB%B0%95%EB%AC%BC%EA%B4%801.jpg
우리한글박물관,충북 충주시,충청북도 충주시 중앙탑면 가곡로 2077,127.858536,37.0749439,043-842-4955,"30년이상 한글에 대한 자료를 모아온 김상석 관장이 충청북도 충주시 중앙탑면에 위치한 우리한글박물관은 2009년에 문을 열고 여러분께 선조들의 숨결이 살아있는 한글 자료들을 전시하고 있습니다.
2013년 ‘한글 음식 방문전’ 이라는 특별전을 시작으로 2014년 특별전 ‘한글 고소설젼, 충주에서 만나다’, 2015년 특별전 ‘해주도자기, 한글을 노래하다.’로 찾아 뵙고 있습니다.
꾸준히 매년 특별전을 개최하여 양질의 유물을 여러분과 함께 하고자 합니다
","어른 : 5,000원 청소년·어린이 : 4,000원",https://img.hankyung.com/photo/202111/AKR20211115118400064_01_i_P4.jpg
불교천태중앙박물관,충북 단양군,충북 단양군 영춘면 백자길 9(백자리 65),128.4851924,37.0432196,(043)423-9103,"불교천태중앙박물관은 국제불교 문화권과의 교류를 활성화하고, 천태종과 연관된 역사 및 학술적 자료를 체계적으로 수집하고 보존하기 위해서 건립되었습니다. 이는 천태종에만 국한된 것이 아니라 범종파적인 불교박물관으로서 불교문화의 전승 및 발전에 기여하고 있습니다. 또한 대중이 참여할 수 있는 지역문화발전에 기여하고 있습니다. 불교천태중앙박물관은 2003년부터 공사을 시작하여 2013년에 개관되었습니다. 현재 명절연휴와 매주 월요일에 휴관하며 관람시간은 평일 오전 10시부터 오후 5시까지, 주말에는 오전 9시부터 오후 5시까지 문화재를 관람할 수 있으며 관람료는 무료입니다.",무료,https://cdn.daejonilbo.com/news/photo/201608/1228392_420209_722.jpg
국립공주박물관,충남 공주시,충청남도 공주시 관광단지길 34,127.112444,36.4657682,국립공주박물관 041-850-6300,"* 충청남도의 유물을 보관 전시하는 국립공주박물관 *
충청남도 공주시 웅진동에 있는 국립 박물관으로 공주를 비롯한 충청남도 지역에서 출토된 중요 유물을 보관·전시하고, 유적 발굴 조사와 해외 문화재 조사 등을 통한 학술 연구 활동을 수행하며, 지역민을 위한 다양한 문화 교육프로그램을 운영하는 평생 학습 기관으로서의 기능을 수행하기 위하여 건립되었다. 국립공주박물관은 대전·충남지역에서 출토된 국보 19점, 보물 3점 등 문화재 10,000여 점을 체계적인 방법으로 보관·관리하고 있다. 이 가운데 학술적 가치가 높은 중요 유물은 상설전시와 특별전시를 통해 관람객과 전문연구자들이 쉽게 살펴볼 수 있도록 하였고, 더불어 문화유적에 대한 발굴조사 및 연구를 수행하며 그 결과물을 발간한다. 이 밖에 열린문화공간이자 평생학습의 장으로서 국민들이 수준높은 문화 생활을 누릴 수 있도록 야외공연장·강당·세미나실 등을 갖추었다.

* 국립공주박물관의 역사 *
일제강점기 공주 지역의 백제 문화재를 보존하기 위해 만든 공주고적보존회를 모태로 1940년 공주사적현창회(公州史蹟顯彰會)를 결성하여 조선시대 관아 건물인 선화당(宣化堂)에서 박물관 사업을 시작하였다. 1946년 국립박물관 공주분관을 거쳐, 1975년 국립공주박물관으로 승격되었다. 발굴 문화재의 보존과 국민들에게 폭 넓은 문화 체험의 기회를 다양하게 제공하기 위해 2004년 5월 공주시 웅진동에 박물관 건물을 신축하여 이전하였다."," 무료 (단, 기획전시는 경우에 따라 유료 가능)
※ 무료 관람이라도 관람질서 유지 및 이용객 안전 등을 위해 '무료 관람권'을 발행하므로 표 받는 곳에서 무료 관람권을 발급받아 입장해야 한다.",https://www.gongju.go.kr/thumbnail/tursmCn/920_TUCN_202004141141584270.jpg
국립부여박물관,충남 부여군,충남 부여군 부여읍 금성로 5,126.9189991,36.2763865,(041) 833-8562,"국립부여박물관은 1929년 발족된 부여고적보존회를 시작으로 현재까지 약80여년에 이르는 깊은 역사를 간직하고 있으며, 충남 서부지역의 선사문화를 비롯하여 백제의 찬란한 문화를 꽃피웠던 사비시기(538~660) 백제문화의 연구와 조사, 보존에 중추적인 역할을 담당하고 있는 백제전문박물관이다.",무료,https://img2.yna.co.kr/etc/inner/KR/2022/08/31/AKR20220831133400063_01_i_P2.jpg
보령석탄박물관,충남 보령시,충청남도 보령시 성주면 성주산로 508,126.6527441,36.3261558,041-934-1902,"보령석탄박물관은 보령시 동부 성주산(676.7m) 남쪽, 옥마산(599m) 동쪽 자락에 있는 박물관이다. 1970~80년대 우리나라 산업 발전의 원동력은 석탄이었으며 보령 지역에서도 석탄이 활발히 채굴되었었다. 이 박물관은 이러한 보령 지역의 역사를 기리기 위해 만든 박물관으로 석탄의 기원부터 석탄 산업의 역사, 광부들의 생활까지 차근차근 살펴볼 수 있고, 복원된 갱도에 들어가 볼 수 있다. 야외전시장에는 탄광에서 희생된 사람들을 추모하는 희생자 위령탑이 세워져 있다.
보령석탄박물관은 국도 40호선을 통해 방문할 수 있으며, 서해안고속도로 대천IC, 무창포IC와 서천공주고속도로 서부여IC가 가깝다. 주변에는 옥마산 외에 성주산자연휴양림, 보령무궁화수목원, 개화예술공원, 보령시청소년수련관, 보령 성주사지 등이 있다."," [개인]
- 어른 2,000원 / 청소년, 군인 1,500원 / 어린이 1,000원
[단체(20인 이상)]
- 어른 1,500원 / 청소년, 군인 1,000원 / 어린이 500원
[보령시민]
- 50% 할인
[5세 이하, 65세 이상 / 국가유공자 / 장애인 / 보령시 다자녀가정 / 장기기증자 / 병역명문가 / 우수봉사자]
- 무료",https://minio.nculture.org/amsweb-opt/multimedia_assets/178/29223/8937/c/29223-medium-size.jpg
온양민속박물관,충남 아산시,충청남도 아산시 충무로 123 (권곡동),127.0069101,36.7914018,041-542-6001,"온양민속박물관은 우리나라 최초의 사립 민속박물관으로 우리 전통문화의 아름다움과 우수성을 알리기 위해 1978년 개관하였다. 전체 대지는 72,727㎡의 규모이며 이타미준의 국내 첫 번째 건축물인 구정 아트센터를 포함하여, 3개의 상설전시실, 1개의 특별전시실, 야외전시장 등으로 구성되어 있다. 옛 선조들의 지혜와 품격이 담긴 생활품 2만여 점을 소장하고 있으며, 전시 및 다양한 교육 체험 프로그램, 공연 등의 문화행사를 체험할 수 있다.","일반 8,000원/청소년 5,000원/초등학생·유치원 4,000원/경로·장애인·아산시민1,000원(신분증 소지자에 한함)",https://asset.blimp.space/space/fSUjFj/images/7e63a095-4054-4f68-ac01-549aeaad7faf.jpg
석장리박물관,충남 공주시,충청남도 공주시 금벽로 990,127.1885991,36.4476804,041-840-8924,"석장리 박물관은 충청남도 공주시에 있는 구석기 유물 박물관이다. 공주 지역의 구석기 문화의 역사적 가치를 지속적으로 보존하고 이를 발전적으로 계승하기 위하여 건립하였다. 2006년 9월 26일 박물관의 부대 시설을 완공하고 개관하였다.
석장리 박물관은 석장리 출토 유물의 전시와 구석기 문화에 대한 각종 교육과 학술 활동을 하고 있다. 또한 선사 문화 체험 등 학생들이 고대 문화에 대한 관심을 가질 수 있는 각종 프로그램을 개발하여 실시하고 있다. 전시는 상설 전시, 기획 전시, 야외 전시로 나누어 실시하고 있다. 선사시대를 총체적으로 이해할 수 있도록 전시관, 선사공원, 공주 석장리 구석기 유적, 체험 공간 등을 갖추고 있다."," 개인 - 일반 3,000원 / 청소년, 군인 2,000원 / 어린이 1,000원
단체 - 일반 2,500원 / 청소년, 군인 1,500원 / 어린이 500원
※ 단체 : 20인 이상 동시 입장의 경우
※ 관람료 면제
   - 공주시에 주소를 둔 자(신분증 소지자)
   - 공주온누리시민(온누리시민증소지자)
   - 국빈, 외교사절단, 국내외 자매결연 공공단체의 외빈과 그 수행자
   - 보호자를 동반한 6세 이하의 어린이
   - 65세 이상의 노인
   - 장애인, 1급~3급 장애인 보호자 1인
   - 국가보훈대상자(단, 상이등급 1급에 해당하는 경우 보조자1인 추가)
   - 공무수행자
   - 충남 다사랑 카드 소지자와 가구의 구성원 (신분증 소지한자)
   - 투표에 참여한 자(선거관리위원회기 발급한 투표확인증을 제출한 자, 당해 선거의 선거일 후 3개월까지 유효함) 
   - 그린카드소지자 본인

[통합관람권]
개인 - 일반 2,800원 / 청소년, 군인 1,800원 / 어린이 1,300원
단체 - 일반 2,500원 / 청소년, 군인 1,600원 / 어린이 1,100원
※ 통합관람권 : 무령왕릉, 공산성, 석장리박물관 관람 가능",https://www.jbnews.com/news/photo/201807/1211771_1012185_305.jpg
충청남도역사박물관,충남 공주시,충청남도 공주시 국고개길 24 (중동),127.1271662,36.4536898," 041-856-8608
","충청남도역사박물관은 2006년 9월 옛 국립공주박물관 자리에 개관한 충청인의 삶과 얼이 스며있는 박물관이다. 조선시대부터 근대와 현대까지의 유물을 전시하고 있으며 특히 2017년 유네스코 세계기록유산으로 등재된 조선통신사 기록물 [신미통신일록]과 조선의 마지막 통신사인 죽리 김이교 선생의 유물을 전시하고 있다.
매년 사라져가는 개인과 문중의 유물을 수집하고 정리하기 위해 우리문화유산찾기운동을 대대적으로 벌이고 있다. 또, 벚꽃 개화 시기에 맞추어 충남역사박물관 벚꽃축제, 충청감영 아카데미, 조선통신사 아카데미, 찾아가는 박물관 교실 등 다채로운 문화행사와 교육 프로그램을 열고 있다.",무료,https://www.daejeontoday.com/news/photo/202203/630948_263621_4824.jpg
백제군사박물관,충남 논산시,충청남도 논산시 부적면 충곡로 311-54,127.1813765,36.1923718, 041-746-8431,"백제군사박물관은 백제의 군사문화를 생생하게 체험할 수 있는 박물관이다. 논산은 백제 수도가 부여였던 시대에 수도의 서쪽 방위를 맡은 군사상 중요 거점이다. 백제군사박물관은 이러한 논산 지역의 특징을 활용하여 오천결사대를 이끌고 논산 황산벌에 나아가 장렬히 전사한 계백장군묘역 및 사당(충장사), 계백장군유적전승지, 황산벌전적지 주변 부지에 조성하였다. 이곳은 백제와 군사라는 성격을 부여하여 전시물을 구성, 백제시대의 유물은 물론 그 시대의 군사적 모습을 전시하는 등을 경험할 수 있다.
또한, 각종 전시회 및 공연이 열려 다양한 문화 예술의 공간으로서의 역할을 하고 있다. 겨울을 제외한 시기에는 야외 체험장에서 주말에 어린이들을 대상으로 국궁체험, 승마체험, 백제문화체험을 운영하고 있으며, 평일에는 단체 어린이들을 대상으로 충혼의 숲에서 숲 체험 예약 접수를 받고 있다. 그리고 2008년부터는 매년 4월 백제군사박물관 옆 충장사에서 계백 장군의 충절을 기리는 제향을 지내고 있다.",무료,https://blog.kakaocdn.net/dn/cobwmF/btrb7arEQ5q/IDGgLqFgh1CQMLbVKC5Xj1/img.jpg
백제문화체험박물관,충남 청양군,충청남도 청양군 대치면 장곡길 43-24,126.8456611,36.4058067,041-940-4871~3,"백제문화체험박물관은 백제시대 토기를 굽는 가마를 형상화하여 만들어졌다. 1,500년 전 백제가마터, 청기와, 최익현 유배도, 공자상 탁본, 황금복거북이와 같은 5대 명품과 금광체험관, 농경문화체험관, 1960년대 추억의 옛거리 전시관, 한상돈선생 기념관, 유상옥 기증실, 정승공원으로 구성돼있는 명품 박물관이다.
주말에는 토기 만들기, 나만의 컵 만들기, 백제의복 체험 등 다양한 체험을 즐길 수 있는 공간이다."," 개인 : 일반 2,000원, 청소년/군인 1,500원, 어린이 1,000원
단체 : 일반 1,500원, 청소년/군인 1,000원, 어린이 500원
※ 무료관람 : 6세이하 및 65세 이상, 국가유공자, 장애인 등
※ 단체는 20인 이상",https://blog.kakaocdn.net/dn/zBwv4/btqWUqpfP1y/H66DSsFeDwZ2EYq9rgi8dK/img.jpg
독립기념관,충남 천안시,충청남도 천안시 동남구 목천읍 독립기념관로 1 (목천읍),127.2264822,36.7812042,041-560-0114,독립기념관은 외침을 극복하고 민족의 자주와 독립을 지켜온 우리 민족의 국난극복사와 국가발전사에 관한 자료를 수집·보존·전시·조사·연구함으로써 민족문화의 정체성을 확립 하고 국민의 투철한 민족정신과 국가관을 정립하는데 이바지함을 목적으로 1987년 8월15일 온 국민의 정성어린 성금으로 건립되었다.," 무료

※ 태극열차 이용요금
- 청소년(8세이상),어른 1,000원
- 4세~8세, 경로(65세이상), 장애인보호자 1인, 국가유공자 유족 1인, 어린이집, 유치원 등(4세미만 단체) : 700원
- 4세미만,국가유공자,장애인 : 무료",https://mblogthumb-phinf.pstatic.net/MjAxOTA4MjhfMTMz/MDAxNTY2OTYwNDMwMTky.uZFqIPigwX9neYFmEGmreYN_nQc3Lua4Lc3XkVoBkxQg.aiqlhdOzMdkWvzlqr62GUMzOIPqdvJldhvOBHK6oH0Eg.JPEG.fastcheonan/01.jpg?type=w800
고남패총박물관,충남 태안군, 충청남도 태안군 고남면 안면대로 4270-6,126.4100557,36.4203032,041-670-2337,"고남패총박물관은 신석기시대를 대표하는 패총의 역사를 한눈에 볼 수 있는 박물관이다. 멀리 서해 갯벌이 내려다보이는 태안군 고남면 고남리에 자리 잡고 있다.
패총은 석기시대 사람들이 먹고 버린 조개껍데기가 쌓여 만들어진 유적으로 그 시대의 생활상을 엿볼 수 있는 중요한 곳이다. 이 박물관에는 패총에서 발견된 신석기시대의 빗살무늬토기, 청동기시대의 민무늬토기와 석기 등 선사시대 유물 470여 점이 전시되어 있으며, 디오라마를 통하여 더욱 실감 나게 보여준다."," [개인] 일반 1,200원 / 어린이(7~13세) 700원 [단체(20인 이상)] 일반 1,000원 / 어린이 500원 ※ 문화가 있는 날(매월 마지막주 수요일) 무료",https://img2.yna.co.kr/etc/inner/KR/2022/01/17/AKR20220117050600063_01_i_P4.jpg
우정박물관,충남 천안시,"충청남도 천안시 동남구 양지말1길 11-14(유량동, 우정공무원교육원)",127.188887,36.813714,041-560-5900,"국내 통신의 역사를 한눈에 살펴볼 수 있는 우정박물관은 한국 최초의 우표를 비롯해 한국 우정에 관한 각종 역사적 자료는 물론 세계 각국의 우표와 우정에 관한 사료들을 모두 전시하고 있어 우편제도에 관한 모든 것을 알 수 있는 곳이다. 1938년 ""체신박물관""이라는 이름으로 서울에서 문을 열었고, 1985년 ""우정박물관"" 이름으로 개관, 2004년 우정공무원교육원 내에 자리를 잡아 현재에 이르고 있다.",무료,https://mblogthumb-phinf.pstatic.net/20160824_125/kjcim2_14720033599660f8yf_JPEG/16-08-23-13-15-38-151_photo.jpg?type=w800
씨큐리움,충남 서천군,충청남도 서천군 장항읍 장산로 101번길 75,126.6700617,36.0171475,041-950-0600,"바다와 삼면을 공유하는 우리나라는 해양생물 산업화에 최적의 조건을 갖췄다. 충남 서천에 있는 국립해양생물자원관은 잠재력이 무한한 해양생물 자원의 효율적인 보전과 국가 자산화를 목표로 2015년 개관했다. 조사와 연구, 교육 시설은 물론 7500점이 넘는 표본으로 해양생물에 대한 궁금증을 풀어줄 씨큐리움도 갖췄다. 씨큐리움은 국내 유일한 해양생물 전문 박물관으로, 바다(Sea)와 질문(Question), 공간(Rium)을 뜻하는 단어를 조합해 지은 이름이다.","어른 : 3,000원 / 청소년 : 2,000원 / 어린이 : 1,000원",https://www.mabik.re.kr/images/kor/sub06/mabik_facility_full.jpg
정림사지박물관,충남 부여군,충청남도 부여군 부여읍 정림로 83,126.9149341,36.2791692,041-832-2721,"2006년 9월 29일 개관한 정림사지박물관은 백제사비시기 불교와 그 중심에 있었던 정림사를 주제로 백제 불교문화를 재조명하고 올바른 역사인식을 고취시키고자 건립되었습니다.

 

박물관의 건물형태는 불교의 상징인 ""卍“자 모양으로 중앙홀을 중심으로 진입로, 전시실, 관리실 등이 사방으로 뻗은 날개 모양으로 상호 연계하여 박물관을 구성하고 있습니다.

 

백제시대 중 가장 화려했던 사비시기의 불교유적 등 백제의 꿈과 땀이 담긴 정림사지박물관을 방문하여 직접 느껴 보시기 바랍니다.","어른 : 1,500원 / 청소년 : 900원 / 어린이 : 700원",https://img4.yna.co.kr/etc/inner/KR/2021/08/25/AKR20210825072000063_01_i_P4.jpg
영인산산림박물관,충남 아산시,충청남도 아산시 염치읍 아산온천로 16-30,126.9407723,36.8431251,041-538-1942,"영인산산림박물관은 영인산자연휴양림 내 산림에 관한 자료 수집과 교육, 산림문화 창달을 통한 산림문화 현장학습장의 역할과 전시 및 연구를 목적으로 건립되었다. 본관은 예술, 놀이, 체험, 교육 등 다양한 분야에서 자연과 숲을 접하고 이해하도록 하였으며, 별관은 상상과 치유의 숲 개념을 도입하여 구성하였다. 영인산산림박물관은 산림문화를 보존, 전파하여 시민에게 산림의 소중함을 다시 인식할 기회를 제공하고, 일상에 지친 현대인들에게 숲을 통한 휴식과 치유를 제공하는 신개념 산림박물관이다.","개인 - 성인 : 2000원 / 청소년,군인 : 1500원 / 어린이 : 1000원",https://www.much.go.kr/cooperation/images/asan_introimg.jpg
기지시줄다리기박물관,충남 당진시,충청남도 당진시 송악읍 안틀모시길 11,126.6947656,36.8962504,041-350-4916,"충청남도 당진시에 위치해있는 기지시줄다리기박물관은 줄다리기를 테마로 조성한 곳으로, 줄다리기에 대한 다양한 이야기와 유물 등이 전시되어 있습니다. 더불어 우리나라뿐만 아니라 세계의 줄다리기에 대해서도 학습해 볼 수 있습니다.",무료,https://www.dangjin.go.kr/uloads_clone/tursmCn/920_TUCN_202109281150325892.JPG
한국자연사박물관,충남 공주시,충청남도 공주시 반포면 임금봉길 49-25,127.2450243,36.366284,042-824-4055,"한국자연사박물관은 자연 경관이 아름답기로 유명한 계룡산 국립공원 자락에 있으며, 국내 최대 규모와 최다의 소장품을 자랑하는 교육과 체험의 명소이다. 직접투자, 발굴에 참여한 청운이라 불리는 천우호연사우르스청운엔시스 공룡의 실물 화석과 계룡산 특산식물 동물, 곤충, 자연사 관련 자료 등을 수집, 보존 및 전시 연구를 하고 있다.

고(故) 이기석 설립자는 의술을 펼치면서 교육의 터를 닦고 어려운 이웃에 헌신하며 살다간 이 시대의 거울이다. 언제나 미소를 잃지 않고 많은 사람들에게 빛과 희망을 안겨준 이기석 박사는 ‘노벨상은 자연사 박물관의 수에 비례한다’는 신념으로 자라나는 과학도들에게 꿈을 키워주고자 80평생 모은 힘과 열정을 박물관에 아낌없이 쏟아부었다.

* 자연 학습의 장으로 탈바꿈 중인 박물관 *
한국자연사박물관은 소중한 자연사의 자료를 수집하여 연구·보전하고 이를 전시함으로써 문화와 과학, 자연과 인간이 함께 공존함을 자연스럽게 이해하도록 하여 자연 과학에 대한 문화 교육을 학습할 수 있는 공간이 되고자 한다.
유치원, 초·중·고등학생들에게 자연과 함께하는 친환경적인 심신 수련의 공간을 제공하고 호기심 및 자연 과학에 대한 탐구심을 불러일으켜 자연 과학 분야에서 최고의 과학자가 될 수 있도록 하고 있다. 한국자연사박물관은 웅대한 꿈을 키우게 하고 과학에 대해 자연스럽고 재미있게 배우도록 하여 과학의 일반 대중화와 확산을 꾀하고 있다."," 개인 - 어른 9,000원 / 초중고 6,000원
24개월 이상 4,000원 / 군경, 장애인, 65세 이상 국가유공자 7,000원",https://weekly.chosun.com/news/photo/201509/8942_1.jpg
합덕수리민속박물관,충남 당진시,충청남도 당진시 합덕읍 덕평로 379-9,126.7839467,36.7938765,041-350-4931,"합덕수리민속박물관은 당진시 합덕읍 내포평야의 중심에 있는 박물관으로 조선 3대 저수지 중 하나였던 합덕제를 기념하기 위하여 건립되었다. 이곳은 지금은 거의 사라진 수리농경문화를 이해하고, 선조들의 지혜를 느껴볼 수 있는 여러 종류의 체험시설을 갖추고 있다. 미니어처를 통해 합덕방죽과 구만리보의 축조 과정을 쉽게 이해할 수 있도록 꾸며져 있으며 튼튼한 제방을 만들기 위해 짚과 나뭇가지와 점토를 30cm 두께로 번갈아 가며 12m 높이까지 쌓아 올린 우리 조상들의 지혜를 엿볼 수 있다.
야외에는 다양한 농경문화를 체험할 수 있는 체험장이 마련되어 있다. 각 체험장에서는 굴렁쇠 굴리기, 가마타기, 지게지기, 디딜방아 찧기 등 농경문화를 직접 체험할 수 있다. 또한 겨울을 제외한 계절에는 멍석짜기, 맷돌체험, 물레방아, 용두레, 허수아비 제작 등 다양한 체험이 가능하다.
합덕수리민속박물관은 국도 32호선, 40호선, 지방도 70호선, 622호선에서 남부로, 덕평로 등을 통해 방문할 수 있으며, 당진영덕고속도로 고덕IC, 서해안고속도로 당진IC가 가깝다. 대중교통은 합덕버스터미널을 이용할 수 있다. 주변에는 솔뫼성지, 합덕제수변공원, 합덕성당 등이 있다.",무료,https://img1.yna.co.kr/etc/inner/KR/2020/07/24/AKR20200724039000063_01_i_P4.jpg
안면도 쥬라기 박물관,충남 태안군,충청남도 태안군 남면 곰섬로 37-20,126.3105556,36.6091667,041-674-5660,"충남 태안군 남면에 위치한 안면도 쥬라기박물관은 국내 최대의 공룡 화석 진품을 보유한 자연사박물관이다. 2011년 7월 5일 개관하여 연평균 20만명의 관람객이 방문하는 서해안의 대표 공룡박물관이다. 주요 전시물은 공룡을 포함한 자연사 관련 표본으로 미국의 모리슨 층에서 발굴 중인 디플로도쿠스와 공룡인 수우와세아골격, 아르헨티나의 글렌 로커 박사가 세계 최초로 발견한 티라노사우루스의 알, 기타 여러 공룡의 골격 등이 있다.
이밖에 박물관 부지 내 AR과 VR 체험관, 천문과학관 등이 있고 별관인 쥬라기별빛쉼터는 자연 친화형 펜션으로 야외수영장, 바비큐장, 미니정원 등을 조성하여 운영하고 있다.","성인 12,000원 / 청소년 10,000원 / 어린이 9,000원",https://tong.visitkorea.or.kr/cms/resource/57/1892257_image2_1.jpg
한국고건축박물관,충남 예산군,충청남도 예산군 덕산면 홍덕서로 543,126.6107165,36.6325574,041-337-5877,"한국고건축박물관은 전통문화를 계승, 발전시키려는 목적으로 설립된 박물관이다. 1998년에 개관하였으며 우리나라 곳곳에 있는 각종 궁궐, 사찰, 탑 등 국보, 보물로 지정된 고건축물을 1/10, 1/5로 축소한 모형을 전시하였다. 정밀한 모형을 통해 그 형태나 특징을 한눈에 볼 수 있도록 제작한 것이 특징이다. 그 외에도 고건축 제작에 사용되었던 연장(공구) 등이 전시되어 있다. 시설은 제1전시관, 제2전시관, 사진전시실, 연구동, 팔각정 등 10여 채의 한옥 건물로 구성되어 있다. 한국고건축박물관은 한국건축 발달사를 한자리에서 견학, 연구, 계승하고 있으며, 더 나아가 선조들의 정신문화를 계승하고 후학들을 위해 우리 건축문화교육의 장으로 활용되고 있다.
주변에는 덕숭산, 수덕사 외에 용봉산, 용봉산자연휴양림, 홍성 홍주읍성 등이 있어 연계하여 관광할 수 있다.",무료,https://tong.visitkorea.or.kr/cms/resource/53/2645153_image2_1.jpg
천안박물관,충남 천안시,충청남도 천안시 동남구 천안대로 429-13,127.1631805,36.7882468,041-521-2891,"천안박물관은 선사시대에서부터 근대에 이르기까지 천안에 살았던 사람들의 삶의 이야기를 담고 있으며 천안의 역사와 문화를 이해하고 체험하는 곳이다.
주요 시설은 3개의 수장고와 6개의 전시실이 있으며 야외공간은 초가3동, 삼문, 와가, 협문, 야외공연장, 산책로분수대 등이 있다.
전시실은 천안 고고실, 천안 역사실, 천안 삼거리실, 기획 전시실, 교통통신실, 어린이 전시실로 구성되어 있다.
고려 시대와 조선 시대 향촌의 생활상을 모아놓았으며, 국보로 지정된 봉선홍경사 갈기비 모형과 자세한 내용을 살펴볼 수 있다. 과거 보러 가는 선비와 나그네들이 모였다 흩어졌던 천안삼거리 이야기를 재현한 천안삼거리실을 별도로 만들었다. 천안삼거리 능수버들 아래 아름다운 아가씨를 만나고, 천안삼거리 옛 주막의 모습도 확인할 수 있다.
천안의 각종 풍물과 민속놀이도 빠뜨릴 수 없다. 근현대실은 천안 사람들의 삶을 되돌아보는 공간이다. 일제강점기 독립운동을 비롯해서 상업, 농업, 광업 등 다양한 분야의 근현대 유물을 전시하고 있다.",무료,https://www.newsncc.com/news/photo/201710/65134_4179542_5501.jpg
금산역사문화박물관,충남 금산군,충청남도 금산군 금산읍 금산로 1575,127.4918891,36.1140556,"041-750-2397, 2400","금산의 역사와 문화를 한자리에서 살펴볼 수 있는 공간이다. 1층은 금산 역사관, 2층은 금산 생활민속관으로 나뉜다. 금산 역사관에는 금산에 인류가 첫발을 내디딘 구석기시대부터 백제와 신라가 금산을 두고 각축전을 벌였던 삼국시대, 원나라에서 벼슬을 한 공을 인정받아 고향인 금산을 금주(錦州)로 승격시킨 성리학자 김신이 활동했던 고려시대, 조선왕조의 태실을 묻을 만큼 길지로 평가받았던 조선시대, 금산군수 홍범식을 비롯한 독립운동의 역사를 간직한 근현대가 순서대로 이어진다. 금산 생활민속관에는 과거 전라북도에 속했던 터라 전라좌도농악의 특징이 녹아있는 금산농악과 세계중요농업유산으로 선정된 금산의 인삼 농사 기술을 만나볼 수 있다. 또 세계 각국의 생활 민속을 함께 비교해볼 수 있는 지구촌 생활 민속실도 마련돼 있다.",무료,https://www.geumsan.go.kr/museum/img/main/vi_2.jpg
한국민속극박물관,충남 공주시,충청남도 공주시 의당면 돌모루1길 40,127.1474127,36.501324,041-855-4933,"한국민속극박물관은 공주 시내 북쪽에 위치한 사설 민속극 박물관이다. 수집한 민속자료 들을 전시하고, 각종 민속 공연과 출판 사업을 통해 우리나라 민속의 우수성을 알리고, 직접 체험할 수 있게 했다. 민속연극에 쓰이는 인형, 탈, 악기와 전통예술의 바탕이라 할 수 있는 무속자료, 재래농기구 등을 아담한 소나무 숲속에 상설 전시하여 다양한 민속예능을 체험할 수 있는 전문 박물관으로 거듭났다. 각종 민속 자료를 전시하며, 인형극 교실과 종이 공예 교실을 운영해 학생과 일반인들이 직접 탈을 만들고, 공연도 해 보는 체험 학습의 기회를 제공한다."," [개인] 어른 3,000원 / 청소년(중, 고등) 2,500원 / 어린이(초등, 유아) 2,000원
[단체(20인 이상)] 어른 2,000원 / 청소년 1,500원 / 어린이 1,000원",https://tong.visitkorea.or.kr/cms/resource/43/1598643_image2_1.jpg
한국도량형박물관,충남 당진시,충청남도 당진시 산곡길 219-4,126.6767741,36.8927221,041-356-9739,"한국도량형박물관은 한국에서 유일한 도량형 전문 박물관으로 당진농사물유통센터 인근에 위치해 있다. 제1, 제2 상설전시를 통해 삼국시대와 조선시대의 전통 도량형을 비롯해 근·현대 도량형의 발달 과정과 그 용도를 보여주고 있다. 자, 되, 저울 등 계측기 5천여 점을 보유하고 있으며 [도량형과 함께하는 과학이야기]라는 주제로 양팔저울, 비행기, 대저울, 기리고차, 유척과 마패, 홉, 해시계, 꽃신, 나만의 자 등의 개인 체험 프로그램과 단체를 대상으로 하는 프로그램을 운영한다. 한국도량형박물관과 인접하여 내포학작은도서관, 당진문학관이 있다.
한국도량형박물관은 국도 32호선에서 시곡로, 산곡길을 통해 접근할 수 있으며, 서해안고속도로 당진IC가 가깝다. 주변에는 송악저수지, 기지시 줄다리기 박물관 등이 있다."," [5살~19살]
- 2,000원
[20살 이상]
- 3,000원",https://cdn.idjnews.kr/news/photo/202211/136985_98934_75.jpg
한국토종씨앗박물관,충남 예산군,충청남도 예산군 대술면 시산서길 64-9[시산리 341-2],126.8784056,36.6662718,041-333-5613,"한국토종씨앗박물관은 ‘토종 씨앗을 단순히 지키는 데 의미가 있는 것이 아니라 우리들의 미래를 얻는 것이다’라는 신념과 자긍심으로 설립한 한국 최초의 토종 씨앗 박물관이다. 한국의 모든 토종 씨앗을 보존하고, 개체 유지를 하는 에코뮤지엄을 지향하고 있다. 2016년 12월 문화체육관광부에 박물관 등록을 하였고 한국박물관협회, 사립박물관협회에 가입하였다. 2017년 4월 7일 공식 개관식을 하였다. 한국토종씨앗박물관은 예산 토종 씨앗 200여 종과 기증받은 토종 씨앗 등을 포함하여 1,500여 종의 토종 씨앗을 소장하고 전시하는 전문박물관이다.",무료,https://www.canews.kr/news/photo/201804/641_856_282.jpg
부여생활사박물관,충남 부여군,충청남도 부여군 규암면 백제문로 553,126.9169408,36.3064483,041-833-6262,"부여생활사박물관은 너무 빨리 사라지고, 잊히고, 버려지는 우리의 과거에 대한 아쉬움을 달래고자 부여를 중심으로 충청 지역의 역사 자료, 근대 생활사 자료, 영화 관련 자료, 음악 관련 자료 등 각종 문화유산을 전시하였다. 실외전시관에는 1960년대 추억의 거리를 재현하여 기성세대에게는 향수, 신세대에게는 호기심을 불러일으킨다. 박물관 내 식물원은 식물을 특성에 맞게 집약하고 예술 작품화하여 이야기가 있는 부여 유일의 식물원으로 실내에 조성되어 겨울에도 안락하게 관람할 수 있다."," [부여생활사박물관 입장료]
- 개인 : 어른 6,000원 / 청소년 및 어린이 5,000원
- 단체 : 어른 5,000원 / 청소년 및 어린이 4,000원",https://modo-phinf.pstatic.net/20190209_173/1549687377712lgtwN_JPEG/mosaI8Nxdy.jpeg?type=a1100
