명칭,지역,주소,위도,경도,전화번호,내용,비용,이미지주소,카테고리,,,
동춘당,대전,대전광역시 대덕구 동춘당로 80,36.3647874,127.4411187,042-608-6574,"조선 효종 때 대사헌, 이조판서, 병조판서를 지낸 동춘당(同春堂) 송준길(1606∼1672) 선생의 별당으로 보물 제209호에 지정된 문화재이다.
늘 봄과 같다는 뜻의 동춘당은 그의 호를 따서 지은 것으로 이곳에 걸린 현판은 송준길 선생이 돌아가신 지 6년째 되는 해인 숙종 4년(1678)에 우암 송시열이 쓴 것이다.
이 공원에는 연못 3개소와 민속 그네, 팔각정과 화장실, 간이체육시설, 벤치, 음수대 등으로 꾸며져 있다. 그리고 매년 이곳에서는 갖가지 문화행사가 열린다.
4월에 열리던 동춘당 문화제는 2011년부터 10월에 구민 축제를 겸해서 열리고 있다.
동춘당 문화제는 동춘당 유학학술세미나, 숭모 제례, 휘호 대회, 한시백일장, 투호 놀이, 그네뛰기 등 우리 고장 유학자인 동춘당 송준길 선생의 학풍과 인격을 기리고, 주민화합과 일체감을 조성하기 위한 것이다.",무료,https://upload.wikimedia.org/wikipedia/commons/2/24/Dongchundang_01.JPG,유적지,,,
계족산성,대전,"대전광역시 대덕구 장동 ,읍내동, 법동, 이현동 일원",36.3947689,127.4536227,042-608-6572,"대전 계족산성은 대전시 대덕구에 솟은 계족산(420m) 정상부에 축조된 삼국시대 산성이다.
면적 52,896㎡, 길이 약 1,650m의 테뫼식 석축산성으로 백제가 쌓은 것으로 알려졌으나 6세기경에 신라에서 쌓았을 가능성이 높다는 의견도 있다. 높이는 약 7∼10m 가량 되며 동, 서, 남쪽에 문을 건설했다. 성 안에서는 삼국시대에 만든 큰 우물터가 발견되었고, 성내 건물터에서는 고려시대 기와편과 조선시대 자기편이 발견되어 조선시대까지 사용되었음을 알 수 있다. 축조 방법은 충북 보은의 신라 삼년산성과 같은 방식이며, 약간의 백제계 토기도 출토되어 축조 후 한때 백제가 점령했던 적도 있었음을 시사한다. 계족산성을 둘러싼 신라와 백제의 다툼은 지금 대한민국 국토 가운데에 있는 대전 지역이 삼국시대에는 국경지대였음을 말해준다. 이 산성은 이러한 역사적 가치를 인정받아 1991년 10월 25일에 사적으로 지정되었다.
대전 계족산성은 동쪽의 장동산림욕장이나 산디마을, 남쪽의 비래동, 북쪽의 이현동 등으로 이어진 등산로를 통해 접근할 수 있다. 인근 관광지로는 장동산림욕장, 산디마을 캠핑장, 이현동산성, 비래사, 옥류각 등이 있다.",무료,https://cdn.cctoday.co.kr/news/photo/202107/2145879_579040_3854.jpg,유적지,,,
회덕향교대성전,대전,대전광역시 대덕구 대전로1397번안길 126,36.6554335,127.4901913,042-608-6574,"회덕향교 대성전은 대전 대덕구 회덕향교 내에 있는 건물이다. 향교는 공자와 여러 성현에게 제사를 지내고 지방민의 교육과 교화를 위해 나라에서 세운 국립교육기관이다. 회덕향교는 조선 세종(재위 1418∼1450) 때에 처음 지었으나 임진왜란으로 불에 탄 것을 1600년(선조 33)에 다시 짓고 1812년(순조 12)에 수리하였다. 현재 남아 있는 건물로는 제사 공간인 대성전과 공부하는 공간인 명륜당, 동무, 서무 등이다. 그중 대성전은 공자와 그의 제자들을 비롯한 우리나라 성현들의 위패를 모시고 있으며, 문화재적 가치를 인정받아 1989년 3월 18일 대전광역시 문화재자료로 지정되었다.
인근에는 회덕향교 외에 계족산, 계족산성 등의 관광지가 있다.",무료,"https://media.triple.guide/triple-cms/c_limit,f_auto,h_1024,w_1024/899838f8-e389-4787-90ac-1398e799abb2.jpeg",유적지,,,
대전 소대헌 · 호연재 고택,대전,대전광역시 대덕구 동춘당로 70,36.3651294,127.4426017,,"대전 소대헌 · 호연재 고택은 대전광역시 대덕구 송촌동에 있는 조선시대의 가옥이다. 조선 후기의 대표적인 학자 동춘당 송준길의 둘째 손자인 송병하가 1674년(현종 15) 분가하여 건립한 가옥으로, 송병하의 아들 소대헌 송요화가 1714년(숙종 40) 현재의 위치로 옮겨 지었다. 큰집 격인 동춘당 종택과 함께 한 집안의 가계 계승, 충청 지역 명문가 집안으로서의 면모를 찾을 수 있고, 조선 중기의 원형이 잘 남아 있어 지역적 특색을 알 수 있다.",무료,https://isplus.com/data/isp/image/2020/08/10/ispd7d49071-aa2b-48cf-a951-70ec145b6010.jpg,유적지,,,
둔산선사유적지,대전,대전광역시 서구 대덕대로317번길 9 (월평동),36.3607227,127.3783182,042-270-2418,"둔산선사유적지는 대전 서구 둔산지구에서 출토된 선사시대 유적이다. 1991년 둔산지구 개발 도중 발굴되었는데, 우리나라에서는 처음으로 한 곳에서 구석기, 신석기, 청동기시대의 유적이 한꺼번에 발굴된 곳이다. 조사 결과 청동기시대 집터 3곳과 신석기시대의 움집터, 구덩이와 빗살무늬토기 조각 등의 유물이 발굴되었고 구석기 50여 점도 출토되었다. 이곳은 오래전부터 대전 지역에 인류가 마을을 이루고 살았음을 알려주는데, 특히 이 지역에서 갑천 주변의 얕은 구릉에 넓은 농경지와 풍부한 물을 배경으로 많은 주민이 살았던 사실을 알려준다. 이 유적은 이전 복원 후 선사유적공원으로 조성되었고, 그 가치를 인정받아 1992년 10월 28일 대전광역시 기념물로 지정되었다.
둔산선사유적지는 대덕대로를 통해 접근할 수 있으며, 고속도로는 경부고속도로 대전IC 및 신탄진IC와 호남고속도로 지선 유성IC가 가깝다. 대중교통은 대전도시철도 1호선 정부청사역을 이용할 수 있다. 주변에는 한밭수목원, 국립중앙과학관, 엑스포과학공원 등이 있다.",무료,https://upload.wikimedia.org/wikipedia/commons/e/ef/Dunsan_prehistoric_site_East_Entrance.jpg,유적지,,,
도산서원,대전,대전광역시 서구 남선로 8,36.3437141,127.3960264,042-486-7771,"도산서원(대전)은 조선 후기읜 인물 만회 권득기와 그의 아들 탄옹 권시를 추모하기 위해 세운 서원이다. 권득기는 예조좌랑을 지낸 뒤 도학을 공부한 인물이다. 권시도 학문이 뛰어나 여러 버슬을 지낸 후 낙향하여 고향인 이곳에서 학문에 힘썼다. 이 서원은 1693년(숙종 19)에 유림들이 뜻을 모아 세운 것으로, 1711년(숙종 37)에 나라에서 내린 현판을 받아 사액서원이 되었다. 사당 3칸, 묘문 3칸, 강당 4칸, 서재 3칸, 남재 4칸, 전사청 3칸 등 모두 23칸 규모를 가진 서원이었다고 하는데, 흥선대원군의 서원 철폐령으로 철거되었다. 그 뒤 1921년 단을 만들고 제사를 지냈으며, 1968년과 1973년 두 차례에 걸쳐 안동 권씨 문중에서 복원하였다. 그리하여 문화재적 가치를 인정받아 1989년 3월 18일에 대전광역시 문화재자료로 지정되었다. 지금은 음력 3월과 9월에 제사를 지내고 있다. 또한 안내원이 상주하며 관광객을 맞고 있으며 전통 민화를 체험하는 도산의 화공, 유생교육을 체험하는 유생의 하루, 예술 공연을 진행하는 도산 와유회, 도산서원에 대해 자세히 공부하는 도슨트 심화교육 프로그램 등이 진행되고 있다.",무료,https://pds.joongang.co.kr/news/component/joongang_sunday/202306/10/e88553a0-0f2b-49b0-97ea-f01368e56655.jpg,유적지,,,
봉소루,대전,대전광역시 중구 봉소루로 29,36.3090568,127.4409596,042-606-6283,"봉소루는 조선 인조 때 장례원판결사를 지낸 봉소재 남분붕(1605∼1674) 선생이 강학소를 지어 후학을 양성하던 곳이다. 남분붕의 본관은 고성, 자는 숙우, 호는 봉소재로서 조선 사림을 대표하는 유학자 정암 조광조의 학통을 이어 의리를 진작시키고 선비들의 슬기와 재능을 널리 열어주었다. 봉소루의 명칭은 원래 남분붕의 호를 따라 봉소재라고도 했다. 봉소는 봉황새의 보금자리라는 뜻이며 봉소재는 후진을 양성하는 교육도장이라는 의미를 담고 있다. 오늘날에는 복층 구조의 기와집 등이 남아있다. 1992년 10월에는 문화재적 가치를 인정받아 대전광역시 문화재자료로 지정되었다. 주변에는 보문산, 대전아쿠아리움, 한화생명이글스파크, 충무체육관 등이 있다.",무료,"https://media.triple.guide/triple-cms/c_limit,f_auto,h_1024,w_1024/4bb7cc87-9f35-479d-b968-c3a1790786e0.jpeg",유적지,,,
단재신채호선생가지,대전,대전 중구 단재로229번길 47 (어남동),36.2326488,127.4110479,042-606-6292,"1991년 대전광역시 기념물로 지정되었다. 1992년 발굴조사와 고증을 거쳐 ㄱ자형의 안채와 헛간을 복원하고, 1996년에 생가지 앞에 동상을 건립하였다.

신채호는 8세에 아버지를 여의자 할아버지를 따라 충청북도 청원군 낭성면 귀래리 고두미 마을로 옮겨 할아버지가 차린 서당에서 한문을 공부하였다. 19세 때 성균관(成均館)에 입학하여 26세에 박사가 되었다.

황성신문(皇城新聞)과 대한매일신보(大韓每日申報)를 통해 민족의식의 앙양과 독립정신의 고취에 힘썼으며, 28세(1907)에는 신민회(新民會)에 참여하여 국채보상운동(國債報償運動)을 적극 지원하였다.

1910년 한일합방(韓日合邦)이 되자 블라디보스토크로 망명하여 독립운동을 전개하면서 해조신문·대동공보·권업신문 등의 발행을 주도하였다. 1919년 임시정부가 수립되자 의정원(議政院) 전원위원장(全院委員長)에 선임되었다가 1921년 임시정부의 분열상을 보고 사직하였다.

1920년 북경에서 박용만 등과 군사통일촉진회(軍事統一促進會)를 조직하여 임시정부의 존재를 부정하고 이승만을 성토하였다. 1923년 1월 상해에서 국민대표회의 창조파 맹장으로 활동하다 결렬되자 북경으로 돌아와 다물단을 조직·주도하였다.

이 무렵 역사연구야말로 정치운동, 무장운동 못지않은 독립운동임을 깨닫고 국사연구를 본격화하였다. 1924년부터 동아일보 등에 게재한 「평양패수고(平壤浿水考)」, 「전후삼한고(前後三韓考)」, 「조선역사상 일천연래 제일대사건(朝鮮歷史上一千年來第一大事件)」 등의 논문을 발표하였다.

1925년부터는 무정부주의적 성향을 보여 1927년에는 무정부주의 동방연맹(無政府主義 東方聯盟)에 가입하였다. 이듬해 4월에는 북경에서 열린 조선인 무정부주의자 회의를 주도하기도 하였다. 1927년 신간회 결성 시에는 발기인으로 참여하였다.

1928년 대만의 기륭항(基隆港)에 상륙하다 일본 경찰에 체포되어 대련(大連)으로 호송되어 1929년 5월 9일 10년형의 언도를 받고 중사상범으로 다루어져 여순 감옥의 독방에 수감되어 복역하다 1936년 향년 57세로 옥사하였다. 1962년 대한민국건국훈장 복장(複章)이 수여되었다.",무료,https://www.djjunggu.go.kr/thumbnail/tursmCn/920_TUCN_202301161146134755.jpg,유적지,,,
창계숭절사,대전,대전광역시 중구 대둔산로137번길 67,36.2842998,127.3721616,042-606-6283,"창계숭절사는 조선 초기 세조 때 단종 복위를 시도한 취금헌 박팽년(1417~1456)과 사육신의 처형 소식을 듣고 자결한 청재 박심문(1408~1456)의 위패를 봉안하고 제향하는 곳이다. 창계숭절사는 1923년에 세운 사당으로, 숭고한 절의를 기리는 사당이라 하여 숭절사라 이름하였다. 1923년에 박심문의 후손들이 지역 사림들의 여론을 모아 세웠으며, 앞면 3칸 옆면 2칸의 기와집으로 구성되어 있다. 그 후 1989년 3월 18일에 문화재적 가치를 인정받아 대전광역시의 문화재자료로 지정되었다.
인근에는 뿌리공원, 대전오월드, 보문산 등이 있다.",무료,https://tong.visitkorea.or.kr/cms/resource/82/3059482_image2_1.JPG,유적지,,,
유회당,대전,대전광역시 중구 운남로85번길 32-20,36.5855867,127.4817077,042-606-6283,"유회당사당은 보문산 남쪽 기슭에 위치한 조선시대 문화재이다. 조선 영조 때 호조판서를 지낸 유회당 권이진(1668∼1734) 선생이 건물 뒤 산에 있는 부모의 묘에 제사를 지내면서 독서와 교육을 하기 위해 1714년(숙종 40)에 지었다.
유회는 [부모를 간절히 생각하는 효성스러운 마음을 늘 품고자]하는 뜻을 담고 있으며, 중국 명나라 때 학자인 전목제의 [명발불매 유회이인]이라는 시에서 따온 말이다. 유회당은 앞면 4칸, 옆면 2칸 건물로 활수담이라는 작은 연못 뒤쪽에 있다. 앞면과 양쪽 면에 난간이 돌려진 툇마루가 있고 가운데 넓은 대청마루를 중심으로 양쪽에 온돌방을 배치하였다. 기궁재는 유회당, 삼근정사 등을 관리하기 위한 재실 건물로, 제사나 종친회 등에 사용된다. 넓은 대청을 중심으로 안방, 건넌방, 부엌 등이 있다. 이곳은 문화재적 가치를 인정받아 1989년 3월 18일, 대전광역시의 유형문화재로 지정되었다.",무료,https://www.heritage.go.kr/unisearch/images/tangible_cult_prop/thumb/2023031016285800.jpg,유적지,,,
고산사 대웅전,대전,대전광역시 동구 대성동 산 3,36.288333,127.465556,042-282-2263,"고산사 대웅전(高山寺 大雄殿)
고산사는 886년(신라 정강왕 1)에 도선국사(道詵國師)가 처음 지었고, 1636년(인조 14) 수등국사(守登國師)가 크게 고쳐 지은 것으로 알려져 있다.


현재 경내에는 대웅전(大雄殿)과 극락보전(極樂寶殿), 양성각(兩聖閣) 등이 있고, 대웅전 앞 왼쪽에 2기의 부도(浮屠)가 있다.


대웅전 안에는 흙으로 빚어 만든 소조(塑造)의 여래상(如來像)이 모셔져 있고, 북쪽 벽에는 1815년(순조 15)에 청도 운문사(雲門寺)에서 만든 후불탱화(後佛幀畵)가 걸려 있다.


이 건물은 앞면 3칸, 옆면 3칸에 맞배 기와지붕을 올린 다포양식(多包樣式)으로 이 지방 불교 건축물로는 유일한 다포집이다.


대웅전을 고칠 때 발견된 상량문에 “법장산 법장사(法藏山 法藏寺)”라는 내용이 있어 식장산과 고산사의 옛 이름을 알게 해 준다.",무료,https://www.nzine.co.kr/files/editor/attached/6942c0b05ad730c44fed6702fbc2f4d0.jpg,유적지,,,
우암사적공원,대전,대전광역시 동구 충정로 53,36.3478241,127.4567871,042-673-9286,"우암사적공원은 대전 동구에 위치한 도시근린공원으로 조선 후기 대유학자인 우암 송시열(1607~1689)이 학문을 닦던 곳이다.
1991년부터 1997년까지 1만 6천여 평에 장판각, 유물관, 서원 등의 건물을 재현해 1998년 4월 17일 사적공원으로 새롭게 탄생했다. 조선 후기 이 땅에 유교사상을 꽃피운 우암 송시열 선생의 뜻을 기리고 보존하기 위해 조성된 이곳은 송시열이 말년에 제자를 가르치고 학문에 정진하던 남간정사, 건축미가 뛰어난 기국정, 송시열 문집인 송자대전판 등 역사적으로 중요한 문화재가 보존되어 있을 뿐만 아니라 공원 곳곳이 잘 단장되어 있어 도심 속 시민들의 쉼터로도 제격이다. 사적공원 안으로 들어서면 맨 먼저 왼쪽으로 대전광역시 유형문화재로 지정되어 있는 남간정사와 기국정 건물이 자리하고 있다. 남간정사를 살펴보고 나와 좀 더 위쪽으로 올라가면 우암선생의 유물과 일생을 살펴볼 수 있는 유물관이 있고, 유물관 앞 홍살문 사이로 멀리 명정문이 보인다.
서원 안으로 들어서면 우측에는 모든 괴로움을 참아야 한다는 뜻의 인함각, 좌측에는 모든 일을 명확하게 하고 마음을 맑게 하라는 뜻을 담은 명숙각, 정면에는 마음을 곧게 쓰라는 뜻의 강당인 이직당이 자리를 하고 있다. 그 뒤로 매사 심사숙고하여 결정하라는 뜻의 심결재와 선현의 가르침을 굳게 지키라는 견뢰재가 있으며, 가장 높은 곳에 새로 옮겨 지은 남간사가 자리 잡고 있다. 다시 명정문을 나와 우측으로 돌아가면 연못과 덕포루가 한 폭의 그림같이 펼쳐진다. 덕포루와 더불어 고즈넉한 연못이 운치를 한층 더한다. 한편 사적공원 내에서는 봄, 가을 우암 송시열을 기리는 제사를 지내고 있다.",무료,https://dynamic-media-cdn.tripadvisor.com/media/photo-o/0f/dc/83/36/photo0jpg.jpg?w=1200&h=1200&s=1,유적지,,,
문충사,대전,대전광역시 동구 동부로73번길 44,36.3246941,127.460124,042-251-4205,"문충사는 대전 동구 동부에 위치한 사당이다. 이곳은 구한말에 일제에 항거한 유학자이자 우국지사인 송병선, 송병순 형제의 위패와 영정을 모신 사당이다. 기존에는 1908년 충북 영동군에 건립되었는데, 송병선의 순국 60주년 기념사업 과정에서 1966년에 그의 순국지인 현 위치로 이전하였다.입구에는 송병선정려각과 함께 홍살문이 서 있고, 그 옆에 정면 5칸, 측면 1칸의 솟을대문인 외삼문 안에 [용동서원] 현판이 걸린 강당이 있으며, 그 뒤의 내삼문 안에 정면 3칸, 측면 2칸의 사당이 있다. 용동서원은 1970년에 건립되었는데, 조선시대의 서원 건축양식을 그대로 따랐다. 송병순은 1888년(고종 25) 의금부도사가 되었으나 곧 사임하고, 학문 연구에 몰두하다가 1905년 을사조약이 체결되자 일본을 성토하는 격문을 지어 전국에 돌렸다. 이후 1910년 망국의 비보를 듣고 통분하여 형의 뒤를 따라 음독 자결하였다. 1977년에는 두 사람에게 건국훈장 독립장이 추서되었고, 1989년 3월 18일에는 이곳이 대전광역시 문화재자료로 지정되었다.문충사는 국도 4호선에서 새울로를 통해 접근할 수 있고, 고속도로는 통영대전고속도로 판암IC가 가깝다. 대중교통은 대전도시철도 1호선 판암역을 이용할 수 있다. 주변에는 식장산, 세천공원, 삼정동 산성 등이 있다.",무료,https://tong.visitkorea.or.kr/cms/resource/45/1585545_image2_1.jpg,유적지,,,  
송애당,대전,대전광역시 대덕구 계족산로17번길 60,36.3645777,127.4330144,042-608-6572,"송애당은 대전 대덕구에 은진송씨 대종가, 쌍청당 등과 함께 위치한 전통 가옥이다. 1989년 3월 18일, 문화재적 가치를 인정받아 대전광역시 유형문화재로 지정된 곳으로, 조선 중기 인조, 효종대에 충청도 관찰사 등을 지낸 김경여가 병자호란 패전 후 남한산성에서 내려와 낙향하여 세우고 지낸 건물이다. 주변에 소나무가 많아서 당호를 송애당이라 하고, 자신의 호를 이때부터 송애당이라 하였다. 건축사적으로는 기호지방 별당건축의 가장 전형적인 양식을 지니고 있어 당시 사대부가의 생활상과 건축미학을 알 수 있다.
집 구조는 쌍청당, 동춘당과 같은 정면 3칸, 측면 2칸, 팔작지붕에 5량 구조이다. 세부적으로는 바로 인접한 쌍청당보다 오히려 동춘당과 비슷한 구조형식을 보여주고 있다. 적당히 퇴색된 목재의 색으로 고건축의 운치를 더해준다. 현대에는 경주 김씨 종중에서 관리하고 있으며, 원래 더 많은 건물이 있었으나 중간에 없어지고 송애당 별당만 남았다. 송애당은 계족로, 동춘당로, 선비마을로에서 쌍청당로35번길을 통해 접근할 수 있으며, 고속도로는 경부고속도로 대전IC가 가깝다. 주변에는 쌍청당, 동춘당 외에 이시직공정려각, 법동 석장승 등이 있다.",무료,https://tong.visitkorea.or.kr/cms/resource/17/1585417_image2_1.jpg,유적지,,,
쌍청당,대전,대전광역시 대덕구 쌍청당로 17,36.363689,127.4343476,042-861-1330,"은진 송 씨 중시조이며 고려 말-조선 초기에 부사정을 지낸 쌍청당 송 유(宋愉, 1389-1446)가 회덕으로 낙향한 후 세종 14년(1432)에 건립하여 거처하던 별당 건축이다. 세종 14년(1432년) 은진 송 씨의 중시조 송유가 세웠다. 건물 이름은 선생의 호인 ‘쌍청(雙淸)’을 따다 붙였는데 청풍과 명월의 맑은 기상을 마음에 담고자 한 것이라고 한다. 중종 19년(1524)에 1차 중수를 거친 이래 총 7차례에 걸쳐 부분적인 중수를 하여 오늘날 이르게 되었다. 과거 쌍청당의 주변은 논과 밭이 어우러져 있던 아름답고 전망 좋은 곳이었다.",무료,https://cdn.dtnews24.com/news/photo/201306/5159_348924.jpg,유적지,,,
진잠향교대성전,대전,대전광역시 유성구 교촌로 67,36.303889,127.315556,042-543-1811,"향교는 공자와 여러 성현께 제사를 지내고 지방민의 교육과 교화를 위해 나라에서 세운 국립교육기관이다.

진잠향교는 조선 태종 5년(1405)에 처음 지은 뒤 여러 차례 고쳐 세웠다고 전한다.

현재 이곳에는 대성전과 명륜당 동재와 서재 등의 건물이 있다. 대성전은 앞면 3칸·옆면 2칸 규모로, 지붕은 옆면에서 볼 때 사람 인(人)자 모양인 맞배지붕이다. 이곳에는 공자를 비롯하여 중국과 우리 나라 성현들의 위패를 모시고 있다.

조선시대에는 나라에서 토지와 노비·책 등을 지원받아 학생을 가르쳤으나, 지금은 교육 기능은 없어지고 제사 기능만 남아 있다.",무료,https://upload.wikimedia.org/wikipedia/commons/4/46/%EC%A7%84%EC%9E%A0%ED%96%A5%EA%B5%90_%EB%8C%80%EC%84%B1%EC%A0%84.jpg,유적지,,,
숭현서원,대전,대전광역시 유성구 엑스포로251번길 36,36.3798254,127.4046556,042-861-0409,"숭현서원지는 조선 후기 정광필 등 8인을 제향한 숭향서원의 서원터이다. 16세기 후반에 건립된 것으로 추정되며, 1592년에 나라에서 인정한 사액서원으로 [숭현]이라는 이름을 받았다. 임진왜란으로 소실되었다가 1609년(광해군 1)에 복원되었고 이후 김장생, 송준길, 송시열 등을 모시게 되었다.
그러나, 숭현서원지는 흥선대원군의 서원철폐령으로 1871년(고종 8)에 폐쇄되었고 이후 복원되지 못했다. 1667년(현종 8년)에 세운 비석만 남아 있었으나 대전광역시는 이처럼 유서 깊고 교육적 가치가 놓은 유적을 보다 많은 시민들이 보고 배울 수 있도록 1992년에 대전광역시 기념물로 지정하고 1994년부터 복원을 하여 사당, 강당, 동재, 서재 등이 완전히 갖추어진 숭현서원지의 옛 모습을 볼 수 있게 되었다.",무료,"https://media.triple.guide/triple-cms/c_limit,f_auto,h_1024,w_1024/e58f7de6-fe56-4705-906a-7e400c8dddd2.jpeg",유적지,,,
수윤교도솔천,대전,대전 유성구 자운로245번길 80,36.4210971,127.3420216,042-611-2078,"수운교도솔천은 대전 유성구 자운대 내에 위치한 수운교 관련 문화재이다. 이 곳은 1929년 4월 15일에 세워진 목조건물로서 수운교의 상징적인 건물로 문화재적 가치를 인정받아 1989년 3월 18일 대전광역시 문화재자료로 지정되었다가, 1999년 5월 26일 대전광역시 유형문화재로 격상되었다.
수운교는 동학을 일으킨 수운 최제우를 교조로 하여 유불선의 도리에 따라 사람을 섬기고, 영세의 행복을 누리고 덕을 천하에 펼쳐 창생을 구제한다는 것을 교리로 한다. 한때 교세가 왕성하여 본부를 서울에 두었으나, 천도교와 의견 차이가 생겨 이곳에서 1923년에 재창건하였으며 지금도 수운교 본부 사무실이 함께 있다.
수운교의 상징적 존재인 천단은 정원 안의 높은 단위에 위치해 있으며 정원주변에는 담이 둘러쳐져 있으며, 동서남북 사방으로 문이 나 있다. 57평 규모의 천단 건물에는 12마리의 큰 용과 44마리의 작은 용, 88개 봉화산이 조각되어 있다. 건물 안에는 북벽에 안월성신 조각, 동쪽에는 금강탑, 서쪽에는 무량수탑이 각각 목조 6층으로 금박되어 있다. 또 4면에 불보살, 선관, 성군 사천왕 조각이 있으며 서벽에는 동진보살의 탱화를 배치하여 종교적인 분위기를 풍기고 있다. 지붕에는 12지신상을 배치하여 위엄을 강조하였다.
수운교도솔천은 유성대로에서 자운로를 통해 접근할 수 있으며, 고속도로는 호남고속도로 지선 북대전IC 및 유성IC가 가깝다.
주변에는 금병산 등이 있다.",무료,https://image.mycelebs.com/travel/new/ho/392077_ho_1499091345.jpg,유적지,,,
미륵원,대전,대전광역시 동구 마산동 산25-12,36.386961,127.4919,,"미륵원지는 고려말 황윤보(黃允寶)에 의해 건립되어 여말선초 회덕 황씨가의 적선(積善)에 의해 운영된 역사 깊은 생활유적으로, 행려자(行旅者)들을 대상으로 한 구호활동에서 점차 사회구조 및 봉사활동으로 확대한 대전 최초의 사회복지 기능을 수행한 민간기관이다.

또한 이색(李穡)과 하륜(河崙), 변계량(卞季良), 정인지(鄭麟趾), 송시열(宋時烈) 등 당시에 정치·학문·문학으로 손꼽히는 인물들이 찬한 제영기(題詠記)에서 그 위상을 짐작할 수 있으며, 청풍명월(淸風明月), 절의정신(節義精神)과 더불어 우리 지방의 향풍(鄕風) 가운데 하나인 남에게 베풀기를 좋아하는 대전사람의 후덕(厚德)한 인심을 상징하는 중요한 유적이다.",무료,https://cdn.ggilbo.com/news/photo/202205/910475_741613_3749.JPG,유적지,,,
조선의 정원서재 송시열의 남간정사,대전,대전광역시 동구 충정로 53,36.3477226,127.4566344,대전 동구청 관광문화체육과 042-251-4204,"낮은 야산 기슭에 남향하여 있는 남간정사는 조선 후기의 대유학자 우암 송시열(尤庵 宋時烈:1607∼1689) 선생이 학문을 가르치던 곳이다. 우암 송시열 선생은 소제(동구 소제동)에 살면서 흥농촌(興農村)에 서재를 세워 능인암(能仁庵)이라 하였고, 그 아래에 남간정사를 지었다. 이곳에서 많은 제자를 기르고 그의 학문을 대성한 유서 깊은 곳이다.
남간정사는 지붕은 옆면에서 볼 때 여덟 팔(八) 자 모양을 한 팔작지붕에 정원이 조성되어 있는 외삼문과 강학당, 사당이 위치하고 있는 공간인 내삼문 등 크게 두 공간으로 나뉜다. 외삼문 공간의 마당에 들어서서 좌측, 담장 옆의 연못가는 남간정사의 정원구조를 한눈에 볼 수 있는 포인트다. 남간정사와 연못이 어우러진 자연스러운 모습을 마주할 수 있다.
자연을 거스르지 않고 조화를 이끌어낸 건축물로 알려진 이 건물의 앞마당 반을 차지하고 있는 연못은 이곳 정원을 완성하는 주요한 요소이다. 연못에 흘러드는 물은 강학공간인 대청 아래로 흘러드는 물과 계족산 쪽에서 마당을 가로질러 흘러드는 물로 채워지는 구조를 하고 있다. 연못의 중앙은 동그란 섬을 만들어 정적인 가운데 변화를 주고, 건물의 일부분 외에 연못 주변은 원래 있던 자연석을 그대로 두고 조경을 마무리하여 자연의 아름다움을 정원에 끌어들이고 있다.",무료,https://upload.wikimedia.org/wikipedia/commons/d/de/Korea-Daejeon-Uam_Historic_Park-01.jpg,유적지,,,
옛 대전형무소,대전,대전광역시 중구 목동 48-2,36.336667,127.410556,,"이곳은 대전교도소(건설 당시 대전형무소)가 있던 자리로, 1984년 도심의 확장과 함께 교도소가 이전하면서 담장과 교도소 본관은 철거되어 아파트가 들어서고 남쪽의 망루와 우물만이 보존되었다. 대전형무소는 3.1운동 이후 계속적으로 만세운동이 이어져 한국의 독립운동가들을 수감하기 위해 일제가 소규모로 설치하였던 것을 1939년 대규모 시설로 확장 준공하였다. 도산 안창호 선생 을 비롯한 많은 독립투사들이 수감되어 옥고를 치렀고. 한국 전쟁 당시 연합군에 쫓기던 조선민주주의인민공화국(북한)군이 1.300명의 양민을 포함한 6.000여 명을 무참하게 학살하기도 하였으며 이후에는 화가 이응로가 수감되기도 한 곳이다. 민족의 비극을 되돌아보기 위해 보존되고 있는 망루는 역사의 한 자취로써 의미를 가진다.",무료,https://cdn.idjnews.kr/news/photo/202204/134119_94916_4832.jpg,유적지,,,
옛 충남도청과 근현대사전시관,대전,대전광역시 중구 중앙로 101,36.3267462,127.420376,042-270-4537,"대전근현대사전시관은 대전시립박물관에서 운영하는 전시관으로 1932년 건축된 우리나라의 대표적인 근대건축물인 옛 충남도청사 본관 1층에 자리하고 있다. 1930년대 초 건축물 중 보기 드물게 원형이 잘 보존된 근대문화유산을 활용한 근현대사전시관에는 건축물관 관람과 함께 상설전은 물론, 대전 근현대사의 많은 사건들과 역사, 건축, 도시계획, 디자인, 대중문화 등 다양한 분야의 특별전을 둘러볼 수 있다.",무료,https://koreaartguide.com/data/file/museum/2042211114_8pRhCLMT_d47152e9549de659d9cd88025318d8c277fb8d66.JPG,유적지,,,
삼년산성,충북 보은군,충청북도 보은군 보은읍 성주1길 104,36.4884594,127.7423303,043-542-3384,"충북 보은군 보은읍 성주 1길 104에는 신라시대 산성인 삼년산성이 있다. 둘레 1.7km, 넓이 8~10m, 높이 13~20m 규모의 삼년산성은 난공불락의 요새다. 성벽 아래에 서면 정육각형 벽돌로 깎아 쌓은 정교한 솜씨와 높고 튼튼한 기품에 압도된다. 삼년산성이라는 이름은 성을 쌓는 데 3년이 걸렸기 때문이라고도 하고, 삼국시대 보은의 지명이 삼년군이었기 때문이라고도 한다. 백제 성왕을 공격한 신라의 관산성 전투부대가 이곳에 주둔했었다. 태종무열왕이 당나라 사신을 접견한 곳도, 고려 왕건이 패퇴해 물러간 곳도 이곳이다. 삼국통일의 유리한 거점이었던 성곽에는 당시의 치열했던 전투는 간곳없 돌에 낀 이끼에 평화가 느껴진다. 주차장에서 10여 분을 오르면 산성 탐방이 시작되는 서문에 닿는다. 웅장한 성벽이 양쪽으로 서 있는데, 거대한 문은 어디 가고 문을 달았던 자리만이 덩그러니 남아 있다. 조선시대 학자 김생의 글씨가 새겨진 암벽과 물이 사라진 연못이 평화로이 하늘을 올려다보고 있다. 성벽을 따라 발길을 옮기면 고즈넉한 성벽 너머 먼 산 능선들이 정답게 이어진다.",무료,https://flexible.img.hani.co.kr/flexible/normal/970/546/imgdb/original/2022/1209/20221209501200.jpg,유적지,,,
흥덕사지,충북 청주시,충청북도 청주시 흥덕구 직지대로 713,36.644532,127.4721457,043-201-2022,"흥덕사지는 청주 운천동에 있는 통일신라시대의 절터이다. 1985년 발굴조사 때 금당터와 서회랑터, 강당터, 부속건물들이 있던 건물터가 확인됐고 흥덕사라고 새겨진 쇠북조각이 나와 절의 이름이 흥덕사였음을 알 수 있었다. 발견된 기와와 기타 유물들로 보아 신라 문성왕 11년(849) 때에 이미 이 사찰이 있었으며 고려 후기까지 그 명맥을 유지했던 것으로 보인다. 기록에 따르면 흥덕사는 고려 우왕 3년(1377) 현존하는 세계에서 가장 오래된 금속활자본 <직지심체요절>을 찍은 곳이다.
발굴 후 사적으로 지정되어 정면 5칸, 측면 3칸 겹처마 팔작지붕의 금당(金堂)과 3층 석탑을 복원하고 인근에 청주 고인쇄 박물관이 건립해 인쇄와 관련된 문화의 변천과 발전과정을 살펴볼 수 있게 했다. 흥덕사의 역사와 우리나라 인쇄 문화를 같이 알아볼 수 있는 사찰터로 산책길이 조성되어 있어 차분하게 둘러보기 좋다.",무료,https://cdn.ibulgyo.com/news/photo/202007/206892_214788_3927.jpg,유적지,,,
청룡사지,충북 충주시,충청북도 충주시 소태면 청룡사지길 147,37.1321867,127.840176,043-850-5980,"청룡사지는 충주시 소태면 오량동에 있는 고려시대 절터로 창건 연대 및 창건자는 미상이다. 절터 내에 국보 제197호인 충주 청룡사지 보각국사탑, 보물 제656호인 충주 청룡사지 보각국사탑 앞 사자 석등, 충주 청룡사 위전비, 충주 청룡사지 보각국사탑비 등의 유물이 있으며 이를 통해 고려 후기에서 조선 전기까지 법등이 이어졌던 사찰의 터라는 사실을 알 수 있다. 이러한 유물들은 불교 미술을 이해하는데 있어 중요한 자료로 특히 충주 청룡사지 보각국사탑은 조선시대의 석조 부도 중 유일하게 국보로 지정될 만큼 미술사적 가치가 높은 문화재이다.",무료,https://ojsfile.ohmynews.com/down/images/1/mis71_323203_1[533401].jpg,유적지,,,
김시민장군 충민사,충북 괴산군,충청북도 괴산군 괴산읍 충민사길 46,36.8365283,127.8481004,043-830-3114,"김시민장군 충민사는 임진왜란 때 전공을 세운 충무공 김시민과 문숙공 김제갑의 위패를 봉안하고 제향하는 사당이다.
김시민(1554~1592)의 자는 면오, 본관은 안동으로 선조 11년(1578) 무과에 급제하고 선조 24년(1591) 진주판관이 되었다. 이듬해 임진왜란이 일어났을 때 진주목사로 사천, 고성, 진해에서 적을 격파하고 영남우도병마절도사에 올랐다. 그 후 진주성 싸움에서 3,800여 명의 군사와 백성으로 2만여 명의 일본군을 물리쳤다. 전투 후 숨어 있던 적군의 총탄에 맞아 세상을 떠났다. 김시민은 선조 37년(1604) 선무공신 2등에 추록되고 뒤에 영의정에 추증되었다.",무료,https://tong.visitkorea.or.kr/cms/resource/06/731206_image2_1.jpg,유적지,,,
단양금굴구석기유적지,충북 단양군,충청북도 단양군 단양읍 도담리,36.9962693,128.3578225,단양군 관광안내소 043-422-1146,"충청북도 단양군 단양읍 도담리(嶋潭里) 남한강가에 있는 석기시대 및 청동기시대 동굴유적지. 우리나라에서 가장 오래된 구석기 문화 유적으로 전기구석기부터 청동기시대에 이르는 거의 모든 시기의 유물층이 발견되어 각 문화층의 성격을 찾아볼 수 있다. 1980년 충주댐 건설로 인한 수몰지역에 실시된 문화유적 지표조사에서 구석기시대의 동굴유적임이 확인되었다. 이후 3차례에 걸친 발굴조사 결과 구석기시대부터 청동기시대까지 여러 시기에 걸쳐 문화가 형성되었음이 밝혀졌으며, 출토된 유물을 통해 구석기시대 문화가 중심을 이루고 있음을 알 수 있다.",무료,https://www.inews365.com/data/photos/20220518/art_16519850377213.jpg,유적지,,,
임충민공충렬사,충북 충주시,충청북도 충주시 충열1길 6 임충민공충렬사,36.9459883,127.9062028,043-850-7302,"충렬사는 조선 중기의 장수인 임경업 장군의 위패를 모신 사당으로 장군의 충절을 기리기 위해 세운 곳이다. 숙종 23년(1679)에 임충민공 충렬사가 건립되었고 영조 3년(1727)에는 충렬사란 사액 현판이 내려졌다.
임경업 장군은 인조 2년(1624) 이괄의 난 때 큰 공을 세웠다. 특히 병자호란 때 백마산성과 의주성을 다시 쌓아 국방을 강화하는 등 나라에 이바지한 바가 컸다. 명나라를 숭상하던 장군은 인조 30년(1642) 명나라가 청나라에게 위협을 받게 되자 명군과 협력해 청에 대항하고자 했으나 계획이 탄로나 청군에게 붙잡히고 말았다. 청나라는 장군에게 여러 제의를 하면서 포섭하려 했으나 끝까지 뜻을 굽히지 않았다. 그 후 1646년 국내의 [심기원의 모반 사건]에 억울하게 연관되어 감옥에서 혹독한 고문을 받고 피살되었다. 그러나 그가 죽은 후 숙종 23년(1697) 관작이 회복되었고, 숙종 32년(1706)에는 충민의 시호가 내려졌다.
현재 충렬사에는 장군의 유품을 전시한 정면 5칸, 측면 3칸의 기념관이 있으며, 사당 앞 왼쪽에는 장군 부인의 곧은 절개를 기리기 위해 세워진 [정부인 완산 이씨 정렬비]가 있다.",무료,https://tong.visitkorea.or.kr/cms/resource/86/489886_image2_1.jpg,유적지,,,
한봉수의병장유적지,충청북도 청원군,충청북도 청원군 내수읍 학평리 85-4,36.717707,127.5498275,,"충청북도 청주시 청원구 내수읍 학평리에는 한말의병장이자 3.1운동도 주도했던 항일지사 한봉수(韓鳳洙)의병장의 유적지가 있다. 그는 의병항쟁 당시 무적장군, 번개대장으로 이름을 떨치고 전의, 옥천, 평택, 여주, 횡성, 문경 등지에서 활약했는데 33번의 공격동안 1번 패한 전과를 거둔 명사수였다고 한다.



한봉수는 어려서부터 명포수로 이름을 날렸으며, 대한제국군 진위대 상등병으로 복무했다. 1907년 일제에 의해 고종황제가 강제퇴위 당하고 이어 대한제국군이 해산되자 한봉수는 그해 8월 김규환(金奎煥)의병장의 의병부대에 참여하여 항일투쟁에 나섰다. 그는 해산된 군인 100여 명으로 의병부대를 조직하여 ‘왜적구축대(倭賊驅逐隊)’라 하고 이들을 이끌고 충청도, 강원도 등지에서 많은 전공을 올렸다. 한봉수는 소규모의 부대를 이끌고 신출귀몰한 유격전을 펼치며 일본인 자산가와 친일파를 처단하고, 밀정과 변절자를 응징하였으며, 일본군과도 직접 교전하고, 우편행랑의 습격하는 등 다양하게 투쟁하였다.



1908년 5월 9일 한봉수는 김규환(金奎煥)·석성국(石聖國) 등과 함께 40여명의 의병을 이끌고 이동하다가 당시 청주 산외일면 초정동에서 일본군인 2명이 우편물을 호위하고 오는 것을 확인하였다. 의병들은 산기슭 좌우에 매복하고 있다가 공격하여 일본군 1명을 사살하였으며, 우편물과 현금 2천여 원의 군자금을 획득하였다. 현재 초정리 한봉수의병장 활동지에는 의병들이 매복 은신했던 곳에 한봉수바위가 있다.



그리고 1908년 6월 10일 한봉수는 김규환 및 부하 6~7명과 함께 청주군 북강외일면 오근으로부터 진천에 이르는 10여 리의 지점, 지금의 문백면 옥성리로 일본 헌병 2명이 통과한다는 것을 알았다. 그는 의병들과 인근의 보리밭에 매복해 있다가 공격하여 일본 헌병 상등병 시마자끼[島崎善治]를 사살하였다. 현재 이곳은 당시 죽은 말을 바위백이에 묻었다고 하여 바위백이 말무덤이라 전해지고 있다. 또 이곳에는 당시 조선총독부가 세운 시마자끼의 순직비와, 1977년 한봉수의 업적을 기리기 위해 지역유지들이 건립한 ‘의병장한봉수항일의거비’가 함께 서 있다.



한봉수는 일본군의 대토벌작전으로 식량·무기의 공급이 제대로 이루어지지 않아 1909년 문경전투에서 패한 뒤 의병부대를 해산하였다. 그뒤 상해(上海)로 망명하기 위해 서울에 숨어 있다가 일경에게 체포되어 1910년 6월 내란죄·강도살인죄로 교수형을 선고받았다. 그러나 한일병합으로 사면되어 석방되었다.



한봉수는 1919년 3.1운동 때에도 만세운동을 주도하여 옥고를 치른 바 있다. 청주 중앙공원에는 이러한 한봉수 의병장의 공적을 기리기 위해 1967년 설치한 ‘의병장한봉수송공비’가 세워져 있다.",무료,https://blogs.chosun.com/mujurymujury/wp-content/uploads/sites/91/2017/11/DSC0450-1024x678.jpg,유적지,,,
우암송시열유적,충북 괴산군,충청북도 괴산군 청천면 화양동길 188,36.6686158,127.8116898,043-830-3433,"청천 우암 송시열유적은 화양동계곡 안에 있는 화양서원터(華陽書院址)와 만동묘터(萬東廟址)를 중심으로 암서재, 읍궁암, 애각사적, 묘소와 신도비 등 송시열과 관련된 사적들로 구성되었다. 화양서원은 우암 송시열이 은거하였던 곳에 세워진 서원으로써 조선시대 학자들의 결집장소였으며, 만동묘는 임진왜란 때 조선에 원군을 보내준 중국 명나라 황제 신종, 의종의 위패를 모신 사당으로써 유지가 잘 남아있다. 암서재는 송시열이 만년에 화양동에 은거하면서 제자들을 가르치던 곳으로 알려져 있으며, 읍궁암은 효종(孝宗)의 승하로 북벌이 좌절되자 효종의 기일마다 이곳에 올라 통곡하였다고 전한다. 이 외에도 화양동에는 충효절의, 비례부동 등 많은 애각사적이 산재해 있어 송시열의 북벌애국사상과 민족자존정신이 깃든 유적의 성격과 조선성리학의 중심지로서 일제에 의하여 철저하게 파괴되고 왜곡된 사적의 모습을 잘 보여주고 있다.",무료,https://www.goesan.go.kr/DATA/tour/info/767/78DB939D-F84D-28C1-6AEF-D85C15885B01.jpg,유적지,,,
진천 삼용리 백제요지,충북 진천군,충청북도 진천군 덕산면 산수리 196-3,36.900833,127.479444,043-539-3114,"금강(錦江)의 지류(支流)인 미호천(美湖川)을 끼고 전개되어 있는 야산지대인 이곳 이월면(梨月面) 삼용리(三龍里)는 이웃 덕산면 산수리와 더불어 삼국시대(三國時代) 토기(土器) 성립과정을 알려 주는 가마터들이 널리 분포되어 있다.


 

이 진천 지역 토기 가마터들은 1987년에 중부고속도로(中部高速道路) 건설공사(建設工事)일환으로 시행된 문화유적조사(文化遺蹟調査)중 한남대학교 발굴단(發掘團)이 발견하여 연차적인 발굴조사를 통해 삼국시대 초기의 토기. 제작기술(製作技術)을 규명할 수 있는 많은 자료를 제공하였다.


 

일대에 흩어져 있는 가마터들은 한반도(韓半島)에서 기원전후(紀元前後)부터 사용되기 시작한 타날문토기(打捺文土器)를 굽던 가마터가 중심으로, 이 타날문토기가 삼국시대 토기의 모태(母胎)가 되었다. 1990년도에 발굴된 이곳 삼용리 요지군(窯址群)에서도 서기 2-3세기경의 타날물 토기 가마터 6기(基)가 조사되었다.


 

길이 2.4m에 불과한 소형부터 7.9m에 이르는 대형까지 크기는 다영하였으나 모두 바닥과 벽은 땅을 파 지하(地下)에 설치하고 천정(天井)은 지상에 나온 반지하식 등요(半地下式登窯)였다. 이 가마터들의 가장 큰 특징은 연소실(燃燒室)의 구조로, 아궁이의 바로 밑이 불을 때는 곳으로 되어 있다. 이와 같은 수직식 연소실(垂直式燃燒室)의 등요는 중국 전국시대(戰國時代) 토기요에서 유래된 것으로 우리나라 초기 삼국시대의 타날문토기, 중국의 전국시대 토기 제작기술에 받아들여 성립된 것임을 알려주고 있다.",무료,https://image.여기유.com/content_travel/2020021409054915816387494604.jpg,유적지,,,
충주 김생사지,충북 충주시,충청북도 충주시 금가면 김생로 325,37.0061477,127.9082286,043-850-5980,"충주 반송 마을에 있는 김생사지는 신라의 명필인 김생이 만년에 창건한 사찰 터이며, 현재는 길가 문화재 안내판이 보이는 곳에 터만 남아 있는 들판이다. 김생은 성덕왕 10년(711)에 가난한 가문에서 태어났지만 어려서부터 글씨에 능하였다. [신증동국여지승람]에 따르면 김생은 늦은 나이에 충주의 북진 언덕에서 고통을 통해 세속의 욕망을 떨쳐내는 수행을 하였으며 [삼국사기]에는 나이 80이 넘도록 붓을 놓지 않아 예서, 행서, 초서가 신묘한 경지라고 기록되어 있다.
절터는 강변의 북동에서 남서쪽으로 길게 이어져 있는데, 과거 이 일대를 와당밭이라 부를 정도로 기와가 많았다. 지표 조사와 발굴 조사를 통해 건물터와 축대 등의 옛날 토목건축의 구조와 양식을 알 수 있는 유구가 확인되었으며 [김생사]라고 쓰인 기와가 출토되어 문헌 기록이 사실로 확인되었다. 그런가 하면 삼국 시대부터 조선 후기의 유물이 출토되어 김생이 이 절에 머물기 전부터 절이 있었으며 김생이 죽고 난 후에도 오랫동안 절이 그 자리에 있었던 것으로 보인다. 김생 사지는 탑평리 사지와 더불어 충주 지역에서 강변에 있는 중요한 유적으로 평가된다. 기와집의 본체 용마루에서 [건륭을미(乾隆乙未-1775)] 망와 4점과 암기와가 발견되었다. 출토 유물로 보아 신라 시대에 창건되어 고려 시대에 크게 번창했던 것으로 추정된다.",무료,https://mblogthumb-phinf.pstatic.net/data44/2008/11/26/81/%B1%E8%BB%FD%BB%E7%C1%F6_003_copy_roaltlf.jpg?type=w420,유적지,,,
이의정유적,충북 영동군,충북 영동군 양산면 봉곡리 산380-1번지,36.131667,127.686944,043-740-3204,"임진왜란 때 진주성 싸움에서 순절한 이의정 장군의 유적지이다.

이의정(1555∼1593) 장군은 고려 후기 문인 이규보의 8대손으로 조선 선조 16년(1583)에 무과에 급제하였다. 임진왜란이 일어나자 의병을 모집하여 선조 26년(1593)에 진주성 싸움에 참여하였다가 성이 함락되자 김천일, 최경회 장군과 더불어 석강에 투신, 순국하였다. 묘소는 장군이 살던 뒷산 남향 기슭에 있으며, 장군은 진주 충열사에 위패를 모셨다.

정문은 이의정 장군의 충절을 기리기 위하여 세운 것이며, 신도비는 정조 20년(1796) 송환기가 지어 강택중이 새긴 것을 순조 원년(1801)에 세웠다. 정려각은 경종 2년(1722)에 내려졌다.",무료,https://www.cha.go.kr/unisearch/images/cultural_material/thumb/2022111414084400.jpg,유적지,,,
정송강사,충북 진천군,충청북도 진천군 문백면 송강로 523,36.7987471,127.4085048,진천군 문화관광과 043-539-3622,"정송강사는 송강 정철선생(1536∼1593)의 위패를 봉안한 사당으로 지방기념물이다. 선생의 묘소는 원래 경기도 고양군 원당면 신원리에 있던 것을 현종 6년(1665)에 우암 송시열이 지금의 묘소로 자리를 정하고 그의 후손 정양이 이장하여 사우를 창건하였으나 규모가 작아 1979년에 전면 신축 정화하였다. 사당은 목조 19평 맞배지붕이고 유물전시관은 시멘트 32평 팔작지붕으로 되어있다. 경내에는 송강 묘소와 신도비가 있으며 송강 선생의 은배, 옥배 그리고 연행 일기 65일 분과 친필 편지 등이 보관, 전시되어 있다. 정송강사 왼쪽에 있는 마른 억새풀이 우거진 오솔길을 오르다 보면 송강의 묘소가 나온다.",무료,https://www.jincheon.go.kr/upload/bbs/00000180/2016/1479887677879_0xL9l5EEvd5NT9FvW225.jpg,유적지,,,
난계사,충북 영동군,충북 영동군 심천면 국악로 13-34,36.2104344,127.702715,043-740-3223 ~ 5 (영동군 문화체육관광과),"조선 전기 문신이자 우리나라 3대 악성중 하나인 난계 박연(1378∼1458) 선생의 위패를 모신 사당이다. 난계 박연은 세종을 도와 음악을 정비하는데 많은 공을 세웠다. 악률에 정통하여 세종 7년(1425) 아악의 율조와 악기의 그림, 악보를 같이 실은 『악서』를 편찬하였고, 1427에는 편경 12매를 만들어 자작한 12율관을 따라 직접 연주하기도 하였다. 그는 피리의 일종인 적(笛)과 거문고, 비파의 연주에 뛰어났으며 조정의 조회 때 아악을 연주하도록 하는 등 국악의 기틀을 마련하였다. 1972년 다시 세운 이 건물은 앞면 3칸, 옆면 2칸 규모이며, 지붕은 옆면에서 볼 때 맞배지붕으로 꾸몄다. 근처에 난계 박연이 인생의 말년을 보낸 생가와 그의 업적을 기리기 위한 난계국악박물관이 있다.",무료,https://image.mycelebs.com/travel/new/ho/392575_ho_1499092901.jpg,유적지,,,
신항서원,충북 청주시,충청북도 청주시 상당구 이정골로 115-8,36.6361022,127.5260536,043-201-0916,"예부터 충청도, 경상도, 전라도를 삼남이라고 했는데 삼남에서 으뜸이 되는 서원이 바로 청주 신항 서원이다. 충청북도 청주시 상당구에 위치해 있고 4인의 선현을 추모하기 위해 창건한 서원이며 조선 시대의 교육기관이다. 선조 3년(1570)에 지방 유림에 의해 경연, 박훈, 김정, 송인수의 학문과 덕행을 추모하기 위해 창건 후 위패를 모셨으며, 그 뒤에 한충, 송상현, 이색, 이이, 이득윤의 위패를 추가하여 모셨다. 임진왜란 때 훼손되었으나 복원하였다. 선현 배향과 지방 교육의 일익을 담당하여 오던 중 흥선대원군의 서원철폐령으로 고종 8년(1871))에 철폐되었다. 광복 후 지방 유림들의 요청으로 당시 충청북도 지사 정낙훈과 청원 군수 서정국이 출자하여 복원하였으나 시설이 미약하고 퇴락하여, 1985년 유용기 비롯한 유림의 협력으로 다시 중건하였다.
경내의 건물로는 4칸의 사우, 중앙의 신문과 양옆 협문으로 된 내삼문, 6칸의 재실 겸 강당, 5칸의 수호사, 묘정비각, 외삼문, 정문 등이 있다. 매년 3월 초정과 9월 초정에 향사를 지내고 있으 1977년 충청북도 시도유형문화재로 지정되었다. 보관 중인 유물로는 서원향약, 배향된 아홉 선현의 약력 등이 있다.",무료,https://cdn.visitkorea.or.kr/img/call?cmd=VIEW&id=28d0d64b-32d7-485f-a240-bd15079dcc71,유적지,,,
괴산김항묵고택,충북 괴산군,충청북도 괴산군 칠성면 칠성로4길 20,36.7816481,127.85932,043-830-3432,"괴산 김항묵 고택은 1900년 전후에 지어졌다고(안채는 19세기 초) 추정되는 건물로 공간구성의 아름다움, 외벽 장식의 화려함, 건축 당시의 모든 구조물의 보존 등 전통적 상류주택의 정수를 보여준다. 괴산군 칠성면에 있어서 칠성고택으로도 불린다.
안채는 30여 평 규모의 ㄷ자형 평면으로 남도식 배치 방법을 띠고 있다. 대청을 중심으로 왼쪽에 안방, 부엌(찬방 포함)을 두었으며 오른쪽에 건넌방을 놓았다. 안방과 건넌방 앞에 툇마루를 만들었는데 건넌방 앞까지 설치해 통로로 이용한 점이 특이하며, 한쪽 옆면 전체를 부엌으로 크게 만든 점 역시 주목할 만하다.",무료,https://tong.visitkorea.or.kr/cms/resource/38/2517538_image2_1.jpg,유적지,,,
궁남지,충남 부여군,충청남도 부여군 부여읍 궁남로 52,36.2696047,126.912228,충남종합관광안내소 041-830-2880,"궁남지는 신라 선화공주와 결혼한 무왕의 서동요 전설이 깃든 곳이다. 『삼국사기』에 “백제 무왕 35년(634) 궁의 남쪽에 못을 파 20여 리 밖에서 물을 끌어다가 채우고, 주위에 버드나무를 심었으며, 못 가운데는 섬을 만들었는데 방장선산(方丈仙山)을 상징한 것”이라는 기록이 있다. 이로 보아 이 연못은 백제 무왕 때 만든 궁의 정원이었음을 알 수 있다. 연못의 동쪽 언덕에서 백제 때의 기단석과 초석, 기와조각, 그릇조각 등이 출토되어 근처에 이궁(離宮)이 있었을 것으로 짐작된다. 못 가운데 섬을 만들어 신선사상을 표현한 궁남지는 우리나라 최고(最古)의 인공정원으로 백제의 노자공은 일본에 건너가 백제의 정원 조경기술을 전해주었다고 한다. 백제가 삼국 중에서도 정원을 꾸미는 기술이 뛰어났음을 알 수 있다. 사계절이 아름다운 관광지이다. 7월에는 천만 송이 연꽃들의 아름다운 향연인 서동연꽃축제가 열리고, 10~11월에는 다양한 작품으로 꾸며진 굿뜨래 국화전시회가 열려 궁남지의 아름다움을 더해준다.",무료,https://www.buyeo.go.kr/images/tour/info/info010103_gallery06.jpg,유적지,,,
백제문화단지,충남 부여군,충청남도 부여군 규암면 백제문로 455,36.3069007,126.9054892,백제문화단지 041-408-7290,"충청남도 부여군에 위치한 백제문화단지는 찬란한 문화의 꽃을 피우던 백제역사문화의 우수성을 세계에 알리고자 건립한 한국 최대 규모의 역사테마파크이다.
넓은 부지 위에 웅장한 백제문화의 흔적이 남았다. 백제의 왕궁인 사비궁은 삼국시대 왕궁의 모습을 최초로 재현했다. 백제의 왕실 사찰 능사는 부여읍 능산리 유적을 실물 크기로 복원했다. 중문인 대통문을 지나 마주하는 능사 오층석탑은 단지에서 가장 두드러지는 건축물이다. 위례성은 한성백제 시기의 성으로 사비궁과는 다른 시대 백제의 모습을 살펴볼 수 있다. 제형루에 올라서면 단지 전체가 한눈에 들어온다."," [백제문화단지+백제역사문화관 관람료]
어른 - 개인 6,000원 / 단체 4,500원
청소년, 군경 - 개인 4,500원 / 단체 3,000원
어린이 - 개인 3,000원 / 단체 1,500원

[백제역사문화관 관람료]
어른 - 개인 2,000원 / 단체 1,500원
청소년, 군경 - 개인 1,500원 / 단체 1,200원
어린이 - 개인 1,000원 / 단체 800원",https://www.bhm.or.kr/upload/gboard/kr_photo/1_8.jpg,유적지,,,
공주무령왕릉과왕릉원,충남 공주시,충청남도 공주시 왕릉로 37-2,36.4634328,127.1144714," 공주시 관광안내소 041-856-3151
공주시 문화재과 041-840-8384","사적 제13호인 공주 무령왕릉과 왕릉원은 백제 웅진시기(475~538년) 왕들의 무덤이 모여있는 곳이다. 무령왕릉을 포함한 이 일대의 고분들은 모두 7기가 전해지는데, 금강의 남쪽 구릉 경사면에 위치하고 있다. 계곡을 사이에 두고 서쪽에는 무령왕릉과 5호분과 6호분이 있고, 동북쪽에는 1∼4호분이 있다. 1∼6호분은 일제 강점기에 조사되어 고분의 구조와 형식이 밝혀졌고, 무령왕릉은 1971년 5호분과 6호분의 보수공사 때 발견되었다. 1~5호분은 백제의 대표적 무덤 양식인 돌로 만든 굴식돌방무덤이고, 6호분과 무령왕릉은 당시 중국에서 널리 유행하던 무덤 양식인 벽돌무덤이다. 벽돌무덤은 백제에서 이전에 찾아볼 수 없던 새로운 양식의 무덤으로, 이는 백제가 중국 남조 양나라와 활발히 교류를 했다는 증거이다. 특히 무령왕릉에서는 중국의 영향을 받은 석수와 도자기를 비롯하여 일본산 금송으로 만든 목관, 태국 및 인도와의 교류를 의미하는 장신구 등이 발견되어 백제의 수준 높은 국제적 문화교류 역량을 엿볼 수 있다.

무령왕릉은 백제 제25대 무령왕과 왕비의 무덤으로, 삼국시대 고분 중 무덤의 주인을 알 수 있는 유일한 왕릉이다. 1971년 5호분과 6호분의 배수시설 공사 중 우연히 발견되어 1,500여년 만에 모습을 드러냈다. 당시 외부의 손길이 전혀 미치지 않은 완전한 상태로 발견되어 무덤내부에 유물이 풍부하게 남겨져 있었다. 유물은 모두 4,600여점에 달하며, 국보로 지정된 건만 12건에 이른다. 무덤의 주인이 무령왕임을 알 수 있는 지석을 비롯하여 금제관식, 귀걸이, 목걸이, 팔찌, 고리장식 칼, 청동거울, 석수, 도자기, 오수전, 유리구슬, 다리미 등 다양한 유물이 출토되었다.
무덤은 중국 양나라 지배층 무덤양식의 영향을 받아 벽돌을 정교하게 쌓아 올려 만들었다. 연꽃무늬 벽돌을 주로 사용하였으며, 뉘어쌓기와 세워 쌓기를 반복했다. 무덤의 입구에서 방까지 길게 길을 만들고 그 끝에 위치한 방에 무령왕과 왕비의 관이 놓여있다. 무덤방의 평면은 남북으로 긴 사각형이며, 천장은 터널형, 널길은 무덤방의 남벽 가운데 위치하고 있다. 입구 부분을 제외한 3벽면에는 등잔을 두기 위하여 북벽에 1개, 동·서벽 에 2개씩 모두 5개의 벽감(壁龕. 벽면을 움푹 파서 만든 공간)을 두었다. 그 아래에는 벽돌 9개를 길게 배열하여 가창(假窓)을 만들었다."," [개인]
- 어른 3,000원
- 청소년 2,000원
- 어린이 1,000원
[단체(20인 이상)]
- 어른 2,500원
- 청소년 1,500원
- 어린이 500원
※ 무료 : 만 65세 이상, 장애인, 미취학아동
※ 매달 마지막 수요일(문화가 있는 날)은 무료 입장",https://www.gongju.go.kr/thumbnail/tursmCn/920_TUCN_202004270541140631.jpg,유적지,,,
정림사지,충남 부여군,충청남도?부여군?부여읍?동남리 254번지,36.279444,126.913333,충남종합관광안내소 041-830-2880,"백제가 부여로 도읍을 옮긴 시기(538-660)의 중심 사찰이 있던 자리다. 발굴조사 때 강당터에서 나온 기와에서 ‘태평 8년 무진 정림사 대장당초(太平八年 戊辰 定林寺 大藏唐草)’라는 글이 발견되어, 고려 현종 19년(1028) 당시 정림사로 불렀음을 알 수 있다. 즉 고려시대에 백제사찰의 강당위에 다시 건물을 짓고 대장전이라 했던 것으로 보인다.

정림사의 주요 건물 배치는 중문, 오층석탑, 금당, 강당에 이르는 중심축선이 남북으로 일직선상에 놓이고, 건물을 복도로 감싸고 있는 배치를 하고 있다. 그러나 특이하게 가람 중심부를 둘러싼 복도의 형태가 정사각형이 아닌, 북쪽의 간격이 넓은 사다리꼴 평면으로 되어있다.

발굴조사에서 드러난 중문 앞의 연못이 정비되어 있고, 석불좌상을 보호하기 위한 건물은 1993년에 지어졌다. 백제 때에 세워진 5층석탑(국보 제9호)과 고려시대에 만들어진 석불좌상(보물 제108호)이 남아 있다. 출토유물로는 백제와 고려시대의 장식기와를 비롯하여 백제 벼루, 토기와 흙으로 빚은 불상들이 있다.",무료,https://www.buyeo.go.kr/images/heritage/sub2/sub2_img5_1.jpg,유적지,,,
서산 해미읍성,충남 서산시,충청남도 서산시 해미면 남문2로 143,36.7125761,126.5486189,041-661-8005,"조선 시대의 대표적인 읍성이다. 읍성이란 읍을 둘러싸고 세운 평지성으로 해미읍성 외에 고창읍성, 낙안읍성 등이 유명하다. 해미읍성은 조선 성종 22년, 1491년에 완성한 석성이다. 둘레는 약 1.8km, 높이 5m, 총면적 196,381m²(6만여 평)의 거대한 성으로 동, 남, 서의 세 문루가 있다. 최근 복원 및 정화사업을 벌여 옛 모습을 되찾아 사적공원으로 조성되었으며, 조선말 천주교도들의 순교 성지로도 유명하다. 천주교 박해 당시 관아가 있던 해미읍성으로 충청도 각 지역에서 수많은 신자가 잡혀와 고문받고 죽음을 당했으며, 특히 1866년 박해 때에는 1천여 명이 이곳에서 처형됐다고 한다.

성내 광장에는 대원군 집정 당시 체포된 천주교도들이 갇혀 있던 감옥터와 나뭇가지에 매달려 모진 고문을 당했던 노거수 회화나무가 서 있다. 바로 성문 밖 도로변에는 회화나무에 매달려 고문을 받으면서도 굴하지 않은 신도들을 돌 위에 태질해 살해했던 자리개돌이 있어 천주교도들의 순례지가 되고 있다. 성벽 주위에는 탱자나무를 심어 적병을 막는데 이용하였다고 하나, 지금은 거의 찾아볼 수가 없다.

* 호야나무(회화나무)
감옥 입구에 서 있는 300년 된 나무로, 이 나무의 가지에 신자들이 머리채를 묶어 매달아 고문하였었고, 그 흔적으로 철사 줄이 박혀있다.",무료,https://ojsfile.ohmynews.com/STD_IMG_FILE/2022/0210/IE002936369_STD.jpg,유적지,,,
추사 김정희 선생 고택,충남 예산군,충청남도 예산군 신암면 추사고택로 261,36.7467981,126.7986484,041-339-8244,"김정희선생고택 및 김정희묘는 조선 후기의 실학자, 고증학자, 서예가, 역사학자인 추사 김정희(1786~1856)가 살던 집이자 묘소로 예산군 제3경으로도 선정되었다.
김정희는 북학파인 박제가(1750~1805)의 제자로 공부하여 청나라 고증학의 영향을 받아 실사구시에 입각한 학문을 연구했다. 24세에는 청나라로 유학을 가서 금석학과 서체 등을 배웠으며, 1816년(순조 16)에는 서울 북한산 진흥왕 순수비의 정체를 밝혀냈다. 1819년(순조 19)에는 문과에 급제하여 성균관 대사성 등 여러 관직을 거치고 그만의 글씨체인 추사체를 완성하고 많은 미술 작품을 남겼다. 김정희선생고택은 건물 전체가 동서로 길게 배치되어 있는데, 안채는 서쪽에 있고 사랑채는 안채보다 낮은 동쪽에 따로 있다. 김정희묘는 고택에서 약 100m 거리의 가까운 곳에 있는데, 앞에는 상석이 놓여 있고 그 옆에는 비석이 세워져 있다. 외에도 추사기념관이 건립되어 있어 충청남도 유형문화재로 지정된 김정희 관련 유물 등을 둘러볼 수 있고, 추사체험관에서는 추사체 써보기, 난초, 세한도 그리기 및 색칠하기, 종이접기, 탁본 체험, 나비 부채 꾸미기, 원형부채 꾸미기 등과 같이 전통문화 체험을 즐길 수 있다.",무료,https://cdn.elifetimes.co.kr/news/photo/202103/26201_27433_1055.jpg,유적지,,,
부여왕릉원,충남 부여군,충청남도 부여군 부여읍 왕릉로 61,36.278468,126.943925,매표소 041-830-2890,"사비시대(538~660)의 백제왕릉묘역이다.

동쪽 나성(羅城)의 바로 바깥에 위치하고 있다. 7기(基)의 고분을 중심으로 동쪽과 서쪽에도 각기 고분이 분포하고 있어 크게 3개의 무덤군으로 나뉘어져 있다. 이 가운데 중앙구역에 위치한 무덤들이 그 크기나 위치로 보아 사비시대 역대 왕들의 왕릉이었을 것으로 추정된다. 중앙 고분군의 입지는 전통 풍수지리에서 말하는 명당지세(地勢)와 잘 일치되고 있어 백제 당시에 이미 풍수지리사상이 있었을 가능성을 엿보이고 있다.

7기 고분중 동하총(東下塚)인 1호분에는 사신도가 그려져 있는데 이는 고구려와 백제의 교류를 증명해 주는 귀중한 문화재이다. 일제 강점기인 1915년 이래 여러 차례 조사되었으나 부장품은 거의 남아 있지 않고 옻칠과 금박(金箔)으로 장식된 관(棺)의 파편만 남아있었다.

최근 나성과 능산리 왕릉묘역 사이의 계곡에서 이곳에 안장된 역대 왕들의 명복을 기원하는 절터가 조사되었는데, 그곳에서 백제 금속공예의 진수(眞髓)를 말해주는 백제금동대향로(국보제287호)와 백제창왕명석조사리감(국보제288호)이 출토되어 백제문화의 우수성을 실감하는 계기가 되었다.","어른 1,000원 (단체:900원) 청소년 600원(단체:500원) 어린이 400원(단체:350원)",https://tong.visitkorea.or.kr/cms/resource/05/2758705_image2_1.jpg,유적지,,,
충의사,충남 예산군,충청남도 예산군 덕산면 덕산온천로 183-5,36.6876361,126.6526086,041-339-8238,"예산 덕산온천 인근에 위치한 충의사는 윤봉길 의사(1908~1932)가 태어나 중국으로 가기 전까지 살아온 곳에 조성된 사적지로, 예산 제2경으로 선정되었다.
윤봉길 의사는 이곳에서 태어나고 성장하며 항일 정신을 고취하고 농촌 계몽운동을 펼쳤다. 이후 중국으로 건너가 1932년 4월 29일에 상하이 훙커우공원에서 열린 일본군의 상하이 전투 기념식에 폭탄을 던져 우리나라의 독립 의지를 세계에 알렸다. 이곳에는 윤봉길 의사가 태어난 집인 [광현당]과 중국으로 갈 때까지 거주하던 집이자 [한국을 건져 내는 집]이라는 뜻을 지닌 [저한당], 농촌 계몽운동을 펼치던 집 [부흥원]이 보존되어 있다.
윤봉길 의사의 업적을 기리기 위해 세워진 사적비와 동상, 넋을 기리기 위해 만든 사당 충의사, 유품 등을 전시한 윤봉길의사기념관이 있다. 의거일인 4월 29일에는 매년 윤봉길 의사를 추모하는 기념식이 개최되고 있다.",무료,https://i.namu.wiki/i/AsjdYVUUA-9DnjrlsH8yDTk6SfktS62UYaglqHj5YdlQ9UfGpDC4VE3GSEi5iujcuxrygX8pGz6NH8UXcQJX_Q.jpg,유적지,,,
계백장군유적지,충남 논산시,충청남도 논산시 부적면 충곡로 311-54,36.1956623,127.1806597,041-746-8431,"백제 말기 성충(成忠)·흥수(興首)와 더불어 백제 3충신으로 꼽히는 계백의 유허지로 최후의 결전장이던 황산벌과 가까운 곳에 있다. 1966년 묘를 발견할 당시, 봉분이 반 이상 붕괴되어 내광이 노출되었으며 광벽까지 일부 파손된 채 방치되어 있었는데 부적면 사람들이 지석(支石)을 안치하고 내광회벽을 완봉한 후 봉분 둘레 47.6m, 지름 15.15m, 높이 6.5m로 복묘하였다. 1976년 5월 19일에는 봉토를 만들고 비석을 세웠다. 비석에는＂전 백제계백장군지묘(傳百濟階伯將軍之墓)＂라고 씌어 있다.

* 백제의 마지막 장수, 계백 장군 *
계백(階伯 ;?~660)은 백제의 장군이다. 554년 성왕(聖王)이 관산성(管山城)에서 전사한 뒤 백제와 신라의 관계는 매우 악화되었다. 641년 의자왕(義慈王)의 즉위이래 백제는 고구려와 제휴하면서 신라를 자주 공격했다. 그러나 고립된 신라가 당나라와 협력하여 고구려와 백제 두 나라를 노리면서 상황은 크게 변했다. 더욱이 의자왕의 실정으로 국내가 혼란해지고, 고구려가 연개소문의 정변 등 국내 문제로 백제와의 동맹에 소극적으로 되자 백제의 위기는 점차 현실화되었다. 결국 660년(의자왕 20) 소정방(蘇定方)과 김유신(金庾信)의 나당연합군이 백제의 요충지인 탄현(炭峴)과 백강(白江)으로 쳐들어왔다. 이에 의자왕은 계백에게 5,000명의 결사대를 주어 이를 막게 했다. 계백은 죽기를 각오하고 출전하여 1당100의 열세에도 불구하고 4번을 싸워 이겼으나 백제군은 결국 중과부적으로 대패하여 계백이 전사했다. 이 황산벌전투로 백제는 비운의 종말을 맞이했으며, 계백장군은 통한을 품고 이곳에 묻혀 있다.",무료,https://www.nonsan.go.kr/_prog/download/?d_type=1&filename=20230213182802_09gxwtn3ixzdwcgf0jjok7arnwxz2n.jpg&func_gbn_cd=tourinfo&site_dvs_cd=tour,유적지,,,
천주교황새바위순교성지,충남 공주시,충청남도 공주시 왕릉로 118,36.4637825,127.1200695,041-854-6321~2,"충청감영이 있던 공주에서는 천주교 박해 때마다 각처에서 체포된 천주교도들이 와서 문초와 형벌을 받았다. 그중에서 끝까지 천주 신앙을 버리지 않은 순교자들 가운데 일부가 공주의 처형지에서 순교했는데, 그 순교지가 바로 황새바위이다. 황새바위 천주교도 순교지 천주교 박해가 극심했던 18세기 100여 년 동안(1797~1879) 수많은 천주교 신자들이 공개 처형된 사형터이다. 즉, 유교를 통치이념으로 했던 조선조 시대에 충청도의 감영이 있던 공주로 압송된 천주교 신도 수백 명의(기록된 이름 248명) 순교를 당한 곳이다. 죄인들의 공개 처형지였던 이곳 황새바위는 황새도 서식했던 곳이기에 황새바위라고도 하고, 이곳에 있던 바위가 죄수들의 목에 씌우는 칼인 황새 모양으로 생겼고, 목에 큰 칼을 쓴 죄인들이 이 언덕 바위 앞으로 끌려 나와 죽어 갔으므로 황새바위라고도 한다.

* 황새바위 순교지의 역사 *
황새바위 천주교도 순교지 성지 조성 사업이 시작된 것은 1980년 12월 공주중동본당에서 대전교구의 후원으로 현재의 부지 6.6116m² 을 매입하면서였다. 이어 1982년에는 성지 관할권이 공주교동본당으로 이관되었고, 1984년 3월에는 황새바위성역화사업추진위원회가 결성되었다. 그 결과 다음 해 11월 7일에는 황새바위 순교탑과 경당이 완공되었으며, 이어 12 사도 석조 기둥 건립, 성모자상 안치, 십자가의 길 조성 사업, 피정의 집 겸 성당 건립 등이 이루어졌다. 또, 2003년에는 옛 공주 향옥 자리와 인접해 있는 공주 교동성당 내에 순교 현양비가 건립되기도 하였다. 황새바위 천주교도 순교지는 2008년 1월에 교동본당에서 분리되어 독립 성지가 되었다.

",무료,https://www.gongju.go.kr/thumbnail/tursmCn/920_TUCN_202004140145182704.JPG,유적지,,,
천안유관순열사유적,충남 천안시,충청남도 천안시 동남구 병천면 유관순길 38,36.7591347,127.3084569,041-564-1223,"유관순 열사는 1902년 병천면 용두리에서 태어나 이화학당에 재학 중 3.1 독립만세운동이 일어나자 귀향하여 1919년 4월 1일(음력 3월 1일), 아우내 만세운동을 일으켜 공주 감옥에 수감되었다. 1919년 8월, 서대문 형무소로 이감된 뒤 일제의 악독한 고문에 못이겨 1920년 10월 12일 옥중에서 순국하였다. 열사의 정신을 후세에 길이 전하기 위하여 1969년 추모각을 건립하고 1972년부터 매년 10월 12일에는 유관순 열사 추모제 행사가 이곳에서 거행되고 있다. 주변엔 열사가 거사를 알리고자 봉화하였다는 봉화지와 봉화탑, 열사의 생가와 열사가 다녔던 매봉교회 등이 있다. 또한 매년 2월 말일에는 봉화제 행사, 매년 순국일(9월 28일)에는 유관순열사 추모제 행사가 이 곳에서 거행되고 있다.",무료,https://www.sonohotelsresorts.com/img/saupjang/ca/images/travel/2032.jpg,유적지,,,
이충무공묘소,충남 아산시,충남 아산시 음봉면 삼거리 산2-1번지,36.857374,127.0118394,041-543-2819,"충무공 이순신(1545∼1598) 장군의 무덤이다.

충무공은 무과에 합격하여 여러 직책을 거쳤는데, 임진왜란이 일어나기 직전에는 전라좌수사라는 중요한 직책을 맡았다. 충무공은 일본의 침입에 대비하여 군사를 훈련시키고 거북선을 만들었다. 그리고 임진왜란이 일어나자 옥포·노량·당포·한산도 등 여러 곳에서 적을 무찌르면서 전쟁을 승리로 이끌었다. 그러다가 노량해전에서 적의 총을 맞고 숨졌으나, 사실을 숨기고 조카인 완이 대신 지휘하여 왜적은 큰 피해를 입고 도망을 갔다.

아산군 금성산에 무덤을 만들었다가 16년 후인 광해 6년(1614)에 지금의 자리로 옮겼다. 무덤 주위에는 제사지낼 때 음식을 차려놓는 상석과 혼이 놀다간다는 혼유석·향로석이 있으며, 동자상 1쌍·망주석 1쌍·석상 1쌍·문인석 1쌍·광명등·묘비석이 있다. 무덤 앞에는 정조 18년(1794)에 세워진 어제비(御製碑)와 비각이 있다.",무료,https://cdn.thescoop.co.kr/news/photo/201811/32836_41103_5719.jpg,유적지,,,
아산맹씨행단,충남 아산시,충청남도 아산시 배방읍 행단길 23-4,36.7464745,127.0421417,041-541-5330,"맹사성 고택은 설화산을 서쪽으로 등지고 배방산을 동북으로 바라보고 있는데, 수백 년간 무사히 보존되어 온 우리나라 살림집 가운데 가장 오래된 옛 모습을 간직한 집이다. 고려 말 충신이던 최영 장군이 살던 집으로 최영 장군의 손녀사위가 된 맹사성에게 그 집을 물려주었다고 한다. 가옥의 형태는 ‘ㄷ’자형의 맛배집으로 목재는 광솔이 되다시피 그을렸으며, 기둥과 도리 사이에는 단구로 봉설(봉황의 혀)이 장식되었고, 내실 천정은 ‘소라 반자’로 흔히 볼 수 없는 나무반자다. 사적 제 109호로 지정된 맹씨행단은 말 그대로 맹씨가 사는 은행나무 단이 있는 집으로 맹고불의 고택, 구괴정, 쌍행수 등을 망라하여 ‘맹씨행단’ 이라 한다. 맹사성은 이 은행나무 두 그루를 손수 심고 학문에 정진하여 후학을 가르쳤다고 한다.",무료,https://cdn.imweb.me/thumbnail/20190506/5ccf332d185ec.jpg,유적지,,,
공주석장리유적,충남 공주시,충청남도 공주시 금벽로 990,36.4467857,127.1896466,041-840-8924,"* 구석기 시대의 생활상을 만난다, 석장리 구석기유적지 *
공주 석장리 구석기 유적은 공주시로부터 직선거리 약 6㎞, 장기면 석장리의 금강 북안 하안단구에 위치한 우리나라 구석기시대의 대표적 유적지이다. 현재 사적으로 지정, 보호되고 있는 이 유적에 대한 조사는 1964년부터 1974년까지 10차에 걸쳐 연세대학교 박물관이 실시하였다. 그 결과 지층은 27개의 층위로 형성되어 있고 유물을 포함하고 있는 문화층도 11개 층위나 있다는 사실을 알게 되었다. 이후 1990년과 1993년에 다시 구체적 발굴조사가 실시되어, 보다 다양한 문화유적이 확인됨에 따라 이 유적의 분명한 성격이 확인되었다. 지질층은 강바닥, 강가, 비탈 쌓임층으로 나뉘며 아래 쌓임층들은 두 개의 다른 간빙기와 제4빙기에 쌓인 것으로 밝혀졌다. 강가 쌓임층의 맨 위층에서 나온 나무뿌리테가 따뜻한 기후에서 이루어진 것임을 알려주며, 나무숯은 방사선 연대로 5만 270년보다 앞서는 것으로 밝혀졌다. 또한, 비탈 쌓임층의 1호 집터에서 나온 화덕의 재는 2만 830년 전의 것임을 알려주었으며, 맨 밑의 강바닥층은 30~50 만년 전으로 올라가는 것으로 추측되었다. 12~14개의 문화층은 아래층으로부터 돌감(石材)과 석기 만드는 수법이 발달되어온 과정을 보여준다. 석기의 특징으로 볼 때 전기의 곧선사람들은 차돌과 편마암을 거칠게 떼어내 외날찍개, 안팎날찍개의 무거운 석기를 만들었고 중기의 슬기사람들은 이 밖에 반암도 떼어 좀 더 발달한 긁개, 찌르개, 자르개, 홈날, 톱날석기를 몸돌과 격지석기로 만들고 돌려때기 수법도 쓰게 되었다. 후기의 슬기슬기 사람들은 아주 발달한 간접떼기-돌날떼기 수법을 썼으며, 돌날자르개, 돌날긁개, 돌날밀개, 돌날새기개 등을 만들어 세밀하고 정밀한 작업을 하게 되었다. 돌감도 흑요석과 수정을 멀리서 가져다 쓴 것을 알 수 있다.

* 구석기유적지를 통해본 구석기인의 생활상 *

구석기인들은 집을 짓고 불을 피우며 살았는데, 여름철에는 화덕을 집밖에 겨울철에는 집 안에 마련하였음을 알 수 있다. 집터 안에서 나온 머리털을 분석한 결과, 지금 인간의 머리카락과 같았음을 알게 되었고 땅바닥과 벽에 홈을 파서 새겨놓은 고래상과 돌을 떼어내 아가미, 눈, 비늘들을 새겨 만든 물고기상이 나왔다. 이들은 둥글납작한 자갈돌에 새기개 끝으로 선을 그어 그림을 그린 것을 통해 슬기슬기 사람들의 예술성을 볼 수 있다. 이 밖에도 모래돌을 여러차례 문지르고 그어서 불을 피우는데 썼던 돌도 나왔다. 이 위층에 중석기 시대의 얇은 층이 덮여 있는데 세석인, 세석인핵, 잔새기개, 잔글개들이 출토되어 중석기시대의 문화가 발달되었음을 보여주었다.",무료,https://www.gongju.go.kr/thumbnail/tursmCn/920_TUCN_202004270546575942.jpg,유적지,,,
보령 성주사지,충남 보령시,충청남도 보령시 성주면 심원계곡로 99,36.3442333,126.6555896,041-930-4072,"보령 성주사지는 보령시 동부 성주산(676.7m) 남쪽 골짜기에 있는 절터이다. 성주사는 통일신라 말기 9산선문 중 하나로 이름 높았던 곳으로 아주 번성했던 사찰이다. 성주사는 6세기경 백제 법왕에 의해 오합사라는 이름으로 창건되었고, 성주사로 개명된 것은 통일신라 말기로 전해진다. 전성기 성주사는 총 천여 칸, 승려 2,000여 명에 이르는 큰 규모였다. 이러한 영향으로 절터에서 백제시대에서부터 조선 초기에 이르는 유물들이 발굴되고 있다. 사적으로 지정된 성주사지에는 현재 국보 낭혜화상백월보광탑비, 보물 오층석탑, 보물 중앙삼층석탑, 보물 서삼층석탑, 충청남도 유형문화재 석등, 충청남도 문화재자료인 석계단과 석불입상 등이 있다.
발굴 조사에 의해 금당지, 삼천불전지, 회랑지, 중문지 등의 건물터가 드러났다. 절터 북서쪽에는 멋을 부려 세운 전각이 있는데, 그 안에 부도비가 있고 비문은 신라의 대문장가 고운 최치원이 글을 짓고 그의 조카 최인연이 글씨를 썼다. 지금은 바로 옆에 세워진 성주사지 천년역사관에서 전시물들을 관람할 수 있다.
보령 성주사지는 국도 40호선에서 심원계곡로를 통해 접근할 수 있으며, 서해안고속도로 대천IC, 무창포IC와 서천공주고속도로 서부여IC가 가깝다. 주변에는 성주산 외에 보령무궁화수목원, 보령석탄박물관, 보령시청소년수련관, 심연동계곡(성주계곡), 성주면 소재지 등이 있다.",무료,https://img3.yna.co.kr/etc/inner/KR/2019/01/25/AKR20190125049500005_01_i_P2.jpg,유적지,,,
당진필경사,충남 당진시,충청남도 당진시 송악읍 상록수길 97,36.9522364,126.7714269,041-360-6883,"당진 필경사는 송악읍 서해대교 근처에 보존된 심훈 작가의 집이다. 건물은 정면 5칸, 측면 2칸으로 구성되어 있고, 바로 앞에는 상록수문화관 건물이 들어서 있다. 필경사는 [붓으로 밭을 일군다]라는 뜻을 담고 있다.
심훈은 1933년경 서울 생활을 청산하고 부친이 살고 있는 당진으로 이주하여 [영원의 미소], [직녀성] 등을 집필하였다. 그리고 1934년 독립하면서 직접 설계하고 지은 집이 바로 필경사이다. 심훈은 1935년 이 집에서 대표적 농촌소설인 [상록수]를 집필했다. 필경사는 한 때 그의 장조카인 고 심재영옹이 관리하다가 당진시에 기부한 이후 군에서 관리하고 있다. 심훈의 시, [그날이 오면]이 새겨진 마당의 시비는 1996년 한국문인협회가 세운 것이다.
당진 필경사는 국도 38호선, 지방도 619호선에서 상록수길을 따라 방문할 수 있으며, 서해안고속도로 송악IC가 가깝다. 주변에는 서해대교, 행담도, 송악산 등이 있다.",무료,https://image.mycelebs.com/travel/new/ho/390457_ho_1499086365.jpg,유적지,,,
홍주 의사총,충남 홍성군,충청남도 홍성군 홍성읍 의사로 79,36.6053009,126.6704856,041-630-1224,"조선말기(병오년) 홍성 지역에서 있었던 의병 운동에서 일본군과 싸우다 희생된 분들의 유해를 모신 곳이다. 1905년 일본의 강압에 의해 을사조약이 체결되자 홍주 지역에서는 1906년(병오년)에 전 이조참판 민종식이 채광묵, 박인기, 이만식, 농민, 유생 구 관리를 중심으로 홍주성에 쳐들어갔는데 당시 홍성 군수 이교석과 이주승도 처음에는 의병 군에 호응할 기미였다가 일본군 다수가 입성한다는 소식을 듣고 성문을 닫고 입성을 막아 부득이 물러난 후 3월 22일에 재차 홍주성에 쳐들어갔으며 5월 19일에 홍주성을 함락시켰다.

그 후 일본군이 5월 25일부터 홍주성의 의병 군을 공격하여 30일부터 본격전이 시작되었으며 그때에 일본군 대포에 의해 조양문이 부서졌고 중과부적으로 의병 수백 명이 전사하여 시체가 대교리 일대의 냇가와 남산 일대에 흩어져 있었다. 1949년 4월 5일 홍성 군수 박주철과 홍성 경찰서장 박헌교가 직원들을 인솔하고 현재 의사총이 있는 부근에서 식수하다가 의외로 많은 유골을 발견하였다. 병오 항일의병 시 전사한 의병 군의 유골이 임시 매장된 것으로 판명되어 충청남도에 그 사실을 보고하고 도비를 지원받아 유골을 모아 이곳에 합장하여 분묘를 조성하였다. 1992년 구백의총(九百義塚)이란 이름이 ‘홍주 의사총’으로 바뀌었으며 매년 5월 30일에 순국 의사에 대한 추모제를 지내고 있다.",무료,https://www.hongseong.go.kr/thumbnail/tursmCn/920_TUCN_202011200614586561.JPG,유적지,,,
모덕사,충남 청양군,충청남도 청양군 목면 나분동길 12,36.4460327,127.0085529,041-940-2481,"조선 후기 애국지사인 면암 최익현선생의 영정을 모신 사당으로 모덕사 현판의 글자는 고종황제가 내린 글 가운데 [면암의 덕을 흠모한다] 라는 구절에서 모(慕)자와 덕(德)자를 취한 것이다.
최익현선생은 이항노의 제자로 문학과 도학에 조예가 깊었으며 철종 6년(1855)에 문과에 급제하고 벼슬이 사헌부 장령까지 올랐다. 그러나 나라를 걱정하며 대원군의 정책을 비판하는 상소문을 여러 차례 올리고 흑산도에 유배되기도 하였다. 또한 1905년 을사조약이 체결되자 을사 5적을 처단할 것을 주장하였고 같은 해 일본의 죄상을 16개 항목에 적어 항쟁하며 전북특별자치도 태인에서 의병을 모집, 일본군과 싸웠다. 그러나 일본 헌병대에 체포되어 대마도에 유배되었고 적군이 주는 음식을 먹을 수 없다며 단식하다 끝내 순국하였다. 후에 그를 추모하는 사림들이 태인, 포천, 곡성 등 여러 지역에 그의 사당을 세웠다. 이곳 모덕사는 선생이 살았던 고택과 장서각, 선생의 유물을 전시하는 전시관이 함께 들어서 있다.",무료,https://www.jbnews.com/news/photo/202105/1340011_1136625_4559.jpg,유적지,,,
태안 안흥진성,충남 태안군,충청남도 태안군 근흥면 안흥성길 33-6,36.6825727,126.1562957,041-670-5937,"안흥성(안흥진성)은 돌로 쌓은 성으로, 1,568m 높이 3.5m에 이른다. 근흥면 정죽리 안흥항의 뒷산에 위치해 있으며 조선 효종 6년(1655)에 축성된 것이다. 진성은 조선시대 지방의 군사적 중요지를 방어하기 위해 쌓은 성벽을 뜻한다.
안흥성에는 충청도 유일의 수군 방어영이 배치되어 왜구와 해적으로부터 선박을 보호하고 유사시에 강화도를 지원하기 위한 곡식을 관리하는 군사적인 기능을 해왔다. 이와 동시에 한양으로 가는 곡식을 실은 선박이 침몰하지 않도록 안전하게 인도하는 임무를 수행하였으며 중국의 사신을 맞이하기도 했다.
원래 안흥성에는 4개의 성문이 있었는데 동문은 수성루, 서문은 수홍루, 남문은 복파루, 북문은 감성루라 불리었으며 현재는 서문만 문루를 복원한 상태이다. 성곽과 성문은 비교적 원형대로 남아 있어 성벽 구조와 축성 방법 등을 확인할 수 있다는 점에서 역사적 가치가 높다.",무료,https://cdn.ccherald.kr/news/photo/202011/18758_23055_2719.jpg,유적지,,,
당진면천읍성,충남 당진시,충청남도 당진시 면천면 몽산길 14,36.8154954,126.6684779,041-350-3583,"면천읍성은 당진시 면천읍 소재지에 남아있는 평지 읍성으로 당진, 서산, 태안 등과 더불어 옛부터 중국으로 통하는 바닷길이 있었던 곳이다. 이처럼 중국과의 통상에 중요한 통로이기도 했지만, 동시에 국방상의 중요한 거점이기도 해서 백제시대부터 중요한 거점으로 취급되었다. 지금의 읍성이 세워진 것은 1439년(세종 21년)으로 조선 후기까지 면천의 군사 및 행정중심지의 기능을 수행하였다.
성벽은 자연석을 잘 다듬어 쌓았는데, 외부는 석축이고 내부는 돌을 채운 후 흙으로 덮고 쌓았다. 현 성벽의 둘레는 1,336m인데, 성을 쌓을 당시는 치성과 옹성의 길이를 합한 전체 길이는 1,564m 정도로 추정된다. 이 성은 조선시대 성을 쌓은 규정이 가장 잘 반영된 우수한 유적으로 동, 서, 남, 북의 사대문까지 갖춘 성이었다. 성 내부에는 천연기념물로 지정된 은행나무, 군자정, 레트로거리 등이 있고, 매년 봄에는 면천 진달래민속축제가 열린다.
면천읍성은 지방도 70호선, 609호선, 619호선을 통해 접근할 수 있으며, 당진영덕고속도로 면천IC가 가깝다. 주변에는 골정저수지, 면천향교, 고려개국공신복지겸장군유적지 등이 있다.",무료,https://cdn.aptn.co.kr/news/photo/202006/76082_22772_1439.png,유적지,,,
안회당과여하정,충남 홍성군,충청남도 홍성군 홍성읍 오관리 98,36.601258,126.660555,?041-630-1224,"안회당은 홍주목의 동헌으로, 오량으로 된 22칸의 목조와가이며, 고종7년(1870) 4월에 상량하여 전 주민의 정성과 정교한 기술로 완성한 관서로서 사적으로 지정되어 있다. 현재 안회당과 취은루는 사료 전시실로 활용되고 있다. 또한 안회당 뒷뜰과 연접한 소당위에 있는 여하정은 고종 33년(1896)에 이승우 목사가 신축한 수상정으로 목조와 즙의 육각형 정자이다. 규모는 3평 5합 5작에 불과하나, 옛 연못을 연련하여 누운 고목과 수면을 장식한 연꽃은 한폭의 동양화를 연상케 한다.",무료,https://blog.kakaocdn.net/dn/YAgt4/btqwDJzACOL/dMQTwtk9DxH6L8A1q7JNw1/img.jpg,유적지,,,
충곡서원지,충남 당진시,"충청남도 당진시, 합덕읍 합덕리 395번지",36.1988723,127.1770779,,"백제 장군인 계백과 박팽년·성삼문·이개·유성원·하위지·유응부 등 사육신을 추모하기 위해 세운 서원이다. 계백은 백제 장군으로 신라의 김유신과 당나라의 소정방을 중심으로 구성된 나·당연합군이 쳐들어오자 황산벌에서 용감히 싸우다 전사하였다. 사육신은 수양대군이 단종의 왕위를 빼앗자 단종의 복위를 꾀하다가 발각되어 죽은 6명의 신하를 말한다. 숙종 6년(1680)에 세운 이 서원은 흥선대원군의 서원철폐령으로 고종 5년(1868)에 폐쇄되었고 1933년 복원하였다. 현재는 이현동·박증·김정망·김익겸·김홍익·이민진·김만중·박종·조병시·김자빈·이학순 등 11분을 추가로 모시고 있다. 경내는 계백 장군과 사육신에게 제사지내기 위해 지은 사당과 숙소로 사용되던 동재·서재로 구성되고 그 외에 정문(旌門 : 충신, 효자 등을 표창하기 위해 세우던 붉은 문)이 남아 있다. 사당은 계백을 중심으로 좌우에 사육신을 포함한 17현의 위패를 모시고 있다. 동재와 서재는 일반적으로 제관들의 숙소로 이용되는 곳이나 이곳에서는 교육 장소로도 사용하였다. 현재 교육 기능은 없어지고 해마다 3월과 9월에 제사를 지내고 있다. 이 서원지는 조선(朝鮮) 숙종(肅宗) 6년(1680) 유림(儒林)들이 창건하여 백제장군(百濟將軍) 계백(階伯)을 주향(主享)으로 모시고 조선(朝鮮) 단종복위(端宗復位)에 앞장선 사육신(死六臣)을 배향한 충렬사우(忠烈祠宇)가 있던 곳이다. 고종(高宗) 8년(1871) 대원군(大院君)의 서원철폐정책에 의하여 사우가 폐지되었던 것을 1935년 다시 세우고 11현(賢)을 추가 배향하여 현재는 18현을 모시고 있다. 건물은 정면 3칸 측면 2칸의 맞배기와집이다.",무료,https://dh.aks.ac.kr/~heritage/wiki/images/thumb/f/f5/%EC%B6%A9%EA%B3%A1%EC%84%9C%EC%9B%90%EC%A7%80.jpg/360px-%EC%B6%A9%EA%B3%A1%EC%84%9C%EC%9B%90%EC%A7%80.jpg,유적지,,,
부여 능안골고분군,충남 부여군,충청남도 부여군 부여읍 능산리 75-7,36.2727473,126.9678948,,"백제 능산리 무덤 동쪽에 있는 백제나성(사적 제58호)이나 청마산성(사적 제34호)과 함께 있는 백제 무덤이다.

1995∼1996년 사이에 조사되어 굴식돌방무덤(횡혈식석실묘) 30여기, 돌덧널무덤(석곽묘) 20여기, 독무덤(옹관묘) 4기 등을 발견하였다. 홑무덤(단장묘)이나 합장묘, 어린아이 무덤 등 다양한 형태로 매장되었는데, 주(紬)·사(紗) 등의 옷감 및 금귀고리, 은제관장식과 띠드리개장식(요대장식) 등 많은 유물이 출토되었다.

무덤의 형식과 출토된 유물을 통해 6∼7세기경 백제 귀족층의 무덤으로 추정되며, 백제 후기 무덤형식과 의복 연구에 중요한 자료를 제공하고 있다.",무료,https://tong.visitkorea.or.kr/cms/resource/19/491019_image2_1.jpg,유적지,,,
부여군수리사지,충남 부여군,충청남도 부여군 부여읍 군수리 79-2,36.2690882,126.9094597,,"충청남도 부여군 부여읍 군수리에 있으며 6세기 중엽쯤에 창건된 가람으로 추측된다. 그 구조는 남쪽으로부터 중문·탑·금당·강당이 세워진 흔적이 보이며, 금당 좌우로는 건물지 각 한 개씩(역시 금당으로 추측됨), 그리고 강당의 좌우에는 종루(鐘樓)·경장(經藏)이라고 생각되는 건물지가 한 개씩 보인다. 각 건물지의 윤곽은 병치된 평와열(平瓦列)로 구획되고 있으며, 탑지는 초석의 배치로 보아 정면 9간(間)의 건물이었다고 믿어지며, 그 탑지 중심부의 지하에서 금동보살입상·석조여래좌상 등 불상을 비롯하여 다수의 공예품이 발굴되었다. 금당 3동(棟)이 동서 방향으로 병립해 있는 점이 주목된다",무료,https://tong.visitkorea.or.kr/cms/resource/65/1962065_image2_1.jpg,유적지,,,
예산화전리사면석불,충남 예산군,충청남도 예산군 봉산면 화전리 61,36.7539459,126.6792368,,"1983년에 발견된 것으로 돌기둥 4면에 불상이 새겨져 있는 백제시대 유일의 사면불(四面佛)이다.

사면불은 일명 ‘사방불’이라고도 하는데, 동·서·남·북의 방위에 따라 사방 정토에 군림하는 신앙의 대상인 약사불, 아미타불, 석가불, 미륵불을 뜻한다.

남면에는 본존불로 생각되는 여래좌상이 있고, 나머지 면에는 여래입상이 각각 1구씩 새겨져 있다. 머리 부분은 서면과 북면만 많이 훼손된 채 남아있고, 따로 끼울 수 있도록 되어있는 손은 모두 없어졌다. 4구의 불상은 모두 양 어깨에 옷을 걸치고 있으며 가슴부분에 띠매듭이 보인다. 옷주름이 매우 깊고 가슴아래에서 U자형으로 겹쳐 있다. 머리광배는 원형으로 불꽃무늬·연꽃무늬가 새겨져 있는데 이는 백제 특유의 양식이다.

머리 부분이 20년 넘게 공주박물관 수장고에 보관되어 왔다. 볼이 도톰하며 미소를 짓고 있다.[2]

성왕이 무령왕의 명복을 빌기 위해 무녕왕릉이 완성된 뒤인 527년 무렵 조성한 것으로 추정된다.[3]

우리나라 최초의 석조 사방불로서 서산 용현리 마애여래삼존상(국보 제84호)과 비교할 수 있어 백제미술사와 불교사 연구에 매우 귀중한 작품이다.",무료,https://www.hsnews.co.kr/news/photo/201702/78960_42654_4420.jpg,유적지,,,
금산향교,충남 금산군,충청남도 금산군 금산읍 비단로 298,36.1108454,127.4899472,041-750-2271,"향교는 훌륭한 유학자의 제사를 지내고 지역민을 교육하기 위하여 설립한 고려·조선시대의 국립 지방 교육기관이다. 조선시대에는 국가로부터 토지와 노비 등을 지급받아 교관이 교생을 가르쳤으나, 1894년 갑오개혁으로 근대 교육이 본격화되면서 교육적 기능은 폐지되었다.
금산향교는 원래 백학동에 건축하였으나 임진왜란 때 소실되었다. 정확한 창건 시기는 알 수 없고 1684년(숙종 10) 현 위치에 재건립하였으며 1967년에 명륜당과 부속건물을 보수하였다. 현존하는 건물로는 대성전·명륜당·동무·서무·내삼문·외삼문·동재·서재·교직실·제기고·창고 등이 있다. 현재는 학생들을 대상으로 충효예 교실, 예절교육이 이루어지고 있다.
주변 관광 명소는 충효예 공원, 다락원, 대원정사, 금산 역사문화박물관, 탑선리석탑이 있다.",무료,https://tong.visitkorea.or.kr/cms/resource/82/1598682_image2_1.jpg,유적지,,,
