축제명,축제시기,지역,주소,위도,경도,문의처,내용,비용,홈페이지,이미지주소,이미지모음
대덕물빛축제,2024.03.29 ~ 2024.05.06,대전,대전광역시 대덕구 대청로 607 (미호동) ,127.4737748,36.4621196,042-608-6733,"대전의 대표관광지 대청호에 빛경관을 조성하고 공연,전시,체험을 연계하여 새롭게 출범하는 대덕구 대표 축제이다. 주요 프로그램으로는 인기뮤지션 참여 뮤직페스티벌, 루미페스타 점등식 , 어린이 페스티벌 등이 있다.",무료,http://www.xn--vk1b9fv8tlkdzuqf4h.com/,https://kfescdn.visitkorea.or.kr/kfes/upload/contents/db/02c70c27-cb7b-463b-866b-f8464e35f2f2_4.JPG,"https://kfescdn.visitkorea.or.kr/kfes/upload/contents/db/02c70c27-cb7b-463b-866b-f8464e35f2f2_6.jpg https://kfescdn.visitkorea.or.kr/kfes/upload/contents/db/02c70c27-cb7b-463b-866b-f8464e35f2f2_8.jpg https://kfescdn.visitkorea.or.kr/kfes/upload/contents/db/02c70c27-cb7b-463b-866b-f8464e35f2f2_8.jpg ,https://kfescdn.visitkorea.or.kr/kfes/upload/contents/db/02c70c27-cb7b-463b-866b-f8464e35f2f2_8.jpg ,https://kfescdn.visitkorea.or.kr/kfes/upload/contents/db/02c70c27-cb7b-463b-866b-f8464e35f2f2_8.jpg https://kfescdn.visitkorea.or.kr/kfes/upload/contents/db/02c70c27-cb7b-463b-866b-f8464e35f2f2_9.jpg https://kfescdn.visitkorea.or.kr/kfes/upload/contents/db/02c70c27-cb7b-463b-866b-f8464e35f2f2_4.jpg"
전국노래자랑,2024.03.30 13:00,대전,대전광역시 대덕구 대청로 607,127.4724375,36.4720625,042-608-5573,"금강로하스대청공원은 대전 대덕구 대청댐 인근에 조성된 공원이다. 도시민의 건전한 여가생활과 보건휴양 및 공공복리 증진을 위하여 1998년부터 2011년까지 143,386㎡의 규모로 조성된 자연생태공원으로 현장학습, 가족 나들이, 기업 및 단체의 야유회 등 친목 도모의 공간으로 적합하다. 대청호와 금강에 접하고 있으며 강변을 따라 470m 정도의 수변데크가 조성되어 백로 등의 조류와 왕버드나무군락지 등을 감상할 수 있다.
또한, 각종 전시회 개최와 지역 예술가들의 작품 활동이 이루어지는 [대청문화전시관], 40,500㎡의 넓은 잔디광장, 암석식물원, 삼림욕과 휴식을 즐길 수 있는 메타세콰이어 숲속쉼터 및 유아숲체험원도 갖추고 있다. 이처럼 자연친화적인 시민 휴식공간으로 인정받아 환경부의 자연생태복원 우수마을에 3회 연속(2006.5~2014.12) 선정되기도 하였다. 인근에는 대청댐 외에 청남대, 용호동 구석기 유적, 신탄진장(3, 8일) 등의 관광지가 있다.",무료,https://www.daedeok.go.kr,https://img.newspim.com/news/2024/03/07/2403071114530680.jpg,
테미 봄 축제,2024.03.30 ~ 2024.03.31,대전,대전광역시 중구 보문로205번길 13  ,127.4217663,36.3195124,042-335-5704,"개화시기를 맞이하여 테미오래에서 소중한 사람들과 함께 봄처럼 따뜻한 추억을 만들 수 있는 테미봄축제 ""테미와 봄""을 개최한다. 3월 30일 토요일부터 3월 31일 일요일까지 진행된다. 푸드트럭, 체험 및 놀이존, 무료 포토부스 촬영, 공연 등 꽃구경 이외에도 다양한 프로그램을 진행하니 테미봄축제 ""테미와 봄""에 오신 모두 즐겁고 포근한 추억 가져가길 바란다.",무료,temiorae.com,https://img6.yna.co.kr/etc/inner/KR/2023/03/27/AKR20230327051300063_01_i_P4.jpg,
대청호 대덕뮤직 페스티벌,2024.04.13 ~ 2024.04.14,대전,대전광역시 동구 추동 328,127.4745761,36.3727738,042-251-4781,"매년 4월이면 벚꽃이 만개한 대청공원에서 사랑하는 가족 연인과 함께 즐기던‘대청호대덕뮤직페스티벌’이 올해는 온라인으로 여러분 곁을 찾아갑니다.
아름다운 대청호의 봄 풍경을 배경으로 펼쳐지는 감미로운 라이브 음률 속에서  지친 서로의 마음을 위로하고 위로받는 힐링시간을 가져보는 건 어떨까요?",무료,http://www.xn--vk1b9fv8tlkdzuqf4h.com/,https://blog.kakaocdn.net/dn/cpyVTr/btsFPHZFYAh/YKVwhOjKd5ROhrxm68q6mK/img.jpg,
유성온천 문화축제,2024.05.10 ~ 2024.05.12,대전,대전광역시 유성구 봉명동 574 ,127.3471908,36.3557439,042-611-2080,"유성온천문화축제는 유성온천과 과학도시 유성의 소중함을 현대적 감각에 맞게 계승시킨 축제로 올해 29회째를 맞고 있다. 유성 온천의 유래와 효능을 바탕으로 ‘온천’을 주제로 한 축제가 시작되었으며, 과학의 도시 유성을 알릴 수 있도록 과학과 온천을 접목시켜 축제 프로그램을 운영하고 있다. 유성문화축제는 순수 주민참여형·주도형 축제로 주민이 만들어가는 축제라는데 큰 의미가 있습니다. 대부분의 프로그램과 체험부스 역시 주민들로 구성된 자원봉사자들의 주도로 운영되어지고 있다.",무료,http://ysfesta.com/,https://kfescdn.visitkorea.or.kr/kfes/upload/contents/db/2fcee4ea-7f88-4485-a67b-d4a88ee78320_3.jpg,
논산딸기축제,2024·03·21 ~ 2024·03·24,충남 논산,충청남도 논산시 시민로 270 (내동),127.1047917,36.1946404,041-730-2983,"제26회 ‘2024논산딸기축제’는 2027 세계 엑스포를 향하여 만전을 기하고 있다. ‘논산딸기와 사랑에 빠지다’를 주제로 펼쳐지는 이번 축제는 ‘딸기 모형의 무대’, ‘딸기 디저트 카페’,‘가족들간의 쉼터를 위한 피크닉 존’, ‘어린이들의 재미를 위한 과학체험키즈존, 타이탄 퍼포먼스 그 외 키즈프로그램’ 등의 새롭고 다양한 프로그램을 선보인다. 특히 육군항공학교와 함께하는 ‘헬기 탑승 체험, ‘헬기 전시’ 체험 프로그램은 국방친화적인 논산의 특화 콘텐츠로 특별히 마련되어 먹거리, 볼거리, 즐길거리가 풍성한 축제로 기대를 모으고 있다.",무료,www.nonsan.go.kr/nsfestival,https://mblogthumb-phinf.pstatic.net/MjAyNDAzMDVfMTQ2/MDAxNzA5NjMxMzkzMDA1.70qZNuRe-aPmBaY7X8zKF1o8ZEV16fcULMRaQzs_FQYg.9et0SanhBdtDhKmX7nbfgxJ_WnECJhVdUQVATjwcTJog.JPEG/%EB%85%BC%EC%82%B0%EB%94%B8%EA%B8%B0%EC%B6%95%EC%A0%9C_%ED%8F%AC%EC%8A%A4%ED%84%B0%EF%BC%8D%EA%B1%B4%EC%96%91%EB%8C%80%EB%A1%9C%EA%B3%A0%EF%BC%8D01.jpg?type=w800,
천리포수목원 목련축제,2024·03·29 ~ 2024·04·21,충남 태안,충청남도 태안군 소원면 천리포1길 187,126.1499174,36.7983617,041-672-9982,천리포수목원이 '사르르 목련'을 주제로 2024년 제7회 목련축제를 개최한다. 천리포수목원은 50여 년간 나무가 행복한 공간을 조성하기 위해 식물을 가꾸고 수집한 수목원이다. 목련을 주제로 하는 봄꽃 축제는 국내에서 천리포수목원이 유일하다. 세계 최다 수종의 목련이 형형색색 아름답게 피어있는 천리포수목원은 특별히 축제 시기에만 비공개였던 비밀의 정원의 빗장을 열어 다채로운 목련을 즐기는 프로그램을 기획했다.,"유료
1.입장료: 일반요금 11,000원(성인 전일권), 일반요금(4~5월) 13,000원, 우대요금 8,000원, 특별우대 6,000원 (네이버예약시 1,000원 할인)
2.프로그램: 가드너와 함께 걷는 목련정원 40,000원, 가드너와 함께 걷는 산정목련원 50,000원",www.chollipo.org,https://cdn.dtnews24.com/news/photo/202403/767515_382905_140.jpg,
서천 동백꽃 주꾸미 축제,2024·03·16 ~ 2024·03·31,충남 서천군,충청남도 서천군 서인로 58,126.5049967,36.1290864,041-952-9123,"먹거리 찾는 미식가도, 이른 꽃놀이를 찾는 관광객도 모두 함께하는 축제이다. 동백꽃이 한창 필 무렵, 주꾸미 잡이가 한창이다. 만발한 붉은 동백꽃 구경도 하고 통통한 주꾸미 요리도 맛벌 수 있다.","유/무료(체험 부스, 체험프로그램별 요금 상이)",www.seocheon.go.kr,https://www.thefestival.co.kr/upfile/img/2024/03/admin_1710026742.jpg,
홍성남당항 새조개축제,2024·01·20 ~ 2024·03·30,충남 홍성군,충청남도 홍성군 서부면 남당항로213번길 1-1,126.4697977,36.538985,"041-634-0104, 010-5308-3750","남당항과 천수만 일원에서 12월부터 이듬해 3월 사이에 주로 잡히는 새조개는 살이 매우 통통하고 커서 제철을 이루고 있다. 새조개는 쫄깃하고 담백한 감칠맛이 특징이며, 단백질과 철분, 타우린 및 필수 아미노산 등의 영양소가 풍부하며 많은 이들의 사랑을 받고 있다. 새조개축제는 한 겨울 동안 열리고 있으며, 많은 관광객이 찾고 있다.","드시는 가격은 ㎏당 8만원, 포장은 ㎏당 7만원(실수율 400~500g)",https://www.hongseong.go.kr/prog/tursmCn/tour/sub03_04/view.do?cntNo=44,https://cdn.gukjenews.com/news/photo/202401/2903895_2966793_527.jpg,
태안 빛축제,2023·01·01 ~ 2024·12·31,충남 태안,충청남도 태안군 남면 마검포길 200,126.3008164,36.6156892,041-675-9200,"농사꾼들의 투박한 아이디어와 소박한 솜씨로 시작한 태안빛축제가 지금은 연중무휴로 365일 내내 열리고 있다. 충남지역 최초의 화려한 조명, '바다내음 한아름 빛으로 피어나는 추억'이란 주제로 바다와 꽃으로 각인된 태안의 정적인 이미지를 개선하고자 LED 불빛을 이용한 동적인 모습과 야간 볼거리를 제공한다.","1인 10,000원",http://www.ffestival.co.kr,https://www.ffestival.co.kr/img_up/shop_pds/kp575/design/my_xml/2022121531671093270.jpg,
사라져 가는 친구들,2023·09·05 ~ 2024·05·31,충남 서천군,충청남도 서천군 마서면 금강로 1210,126.7201055,36.0372764,041-950-5300,"‘사라져 가는 친구들’은 멸종위기에 처한 생물들의 절박한 실상을 살펴보는 동시에 지구 생태계의 위기 상황을 알리고자 기획되었다.다양한 생물들이 상호작용을 하며 살아가는 생태계에는 키스톤(아치의 맨 위쪽에 끼우는 돌) 역할을 하는 생물들이 많다. 생태계에 없어서는 안 될 키스톤 종이 줄어들거나 사라진다면 생태계는 균형을 잃고 연속적인 멸종위기에 빠질 것이다. 이번 기획전은 인간도 생태계에 포함된 하나의 종임을 분명히 인식하고, 생태계를 파괴하는 잔인한 행태를 멈추길 바라는 메시지를 담고 있다.","어른:5,000원 / 청소년: 3,000원 / 어린이: 2,000원 / 유아,경로우대자, 장애인, 국가유공자, 기초생활수급자: 무료",http://www.nie.re.kr,https://tong.visitkorea.or.kr/cms/resource/52/3011452_image2_1.jpg,
2024 베리베리 빵빵데이 천안,2024·04·27 ~ 2024·04·28,충남 천안시,충청남도 천안시 서북구 차돌고개5길 24 (쌍용동),127.1344838,36.7992809,041-561-4029,"2024 베리베리 빵빵데이 천안'은 봄의 대표 과일인 딸기와 함께하는 참여형 베이커리 행사이다. 천안 내 행사 참여 동네 빵집을 빵지순례하며 천안 딸기 및 농축산물을 활용한 다양한 베이커리 제품을 구매하고 가족, 친구와 특별한 추억을 만들수 있는 좋은 기회다. 톡톡 튀는 레시피와 건강하고 트랜디한 메뉴가 가득한 천안의 빵집으로 빵지순례를 떠나볼까?",행사기간 관련 베이커리 제품 10% 할인(업소별 상이),https://pangpangday.co.kr,https://tong.visitkorea.or.kr/cms/resource/45/3108745_image2_1.jpg,
금산 보곡산골 산벚꽃 축제,2024·04·06 ~ 2024·04·14,충남 금산군,충청남도 금산군 자진뱅이길 39,127.5672179,36.1943276,041-750-2310,"행사가 열리는 보곡산골마을은 국내 최대의 산벚꽃 자생 군락지로 약 약 1,000만㎡의 넓은 산자락을 화려한 산벚꽃이 차지하고 있다. 그 밖에도 산딸나무, 병꽃나무, 조팝나무, 진달래, 생강나무 등이 자생하며, ?앞다퉈 꽃을 피워 내는 무공해 청정지역이다. ?또한, 이름 모를 야생화들이 아기자기하게 피어 있어 ‘보이네요 길’에서 ‘자진뱅이 길’까지 가는 오솔길은 꽃들과 함께 도란도란 얘기 꽃을 ?피우기 좋은 산책길이 된다.",무료,https://www.insamfestival.co.kr,https://i.ytimg.com/vi/XQp2FKQlsoE/maxresdefault.jpg,
기지시줄다리기 축제,2024·04·11 ~ 2024·04·14,충남 당진시,충청남도 당진시 송악읍 안틀모시길 11,126.6947656,36.8962504,041-358-4646,"기지시줄다리기는 베트남, 캄보디아, 필리핀과 함께 2015년 유네스코 인류무형문화유산에 등재된 전 세계적으로 인정받은 문화유산이다.
기지시줄다리기 축제의 하이라이트는 무게 40t, 길이 200m, 직경 1m의 엄청난 줄을 1km 이상 끌어와 줄다리기 한판을 벌이는 대화합의 퍼포먼스다. 서로 모르는 사람끼리 함께 힘을 합쳐 줄을 옮긴다. 매년 기지시줄다리기 축제에 참여하기 위해 수많은 국내외 관광객들이 당진 기지시를 방문한다.",무료,http://giji.sangsangis.co.kr/,https://kfescdn.visitkorea.or.kr/kfes/upload/contents/db/df17f696-4b9f-4097-9c46-615ade39068a_3.png,
아산 성웅 이순신 축제,2024·04·24 ~ 2024·04·28,충남 아산,충청남도 아산시 남부로 370-24 (풍기동),127.0212148,36.7681453,041-534-2634,"<아산 성웅 이순신축제>는 이순신 장군의 애국 애족 정신과 충효정신을 되살리자는 취지로 이순신 장군의 탄신일을 전후하여 아산시의 명소에서 매년 열리고 있다. 아산 성웅 이순신축제는 구국의 명장인 이순신 장군의 정신을 기리고, 이순신 장군이 일생동안 행해 왔던 삶의 궤적을 다양한 프로그램을 통해 배울 수 있는 축제다.
1961년 최초로 온양문화제 명칭으로 개최된 이래 해마다 진행되어 오늘에 이르고 있으며, 2004년부터 아산 성웅이순신축제로 명칭을 변경하여 개최해오고 있다. 올해 2024년에는 '청년 이순신, 미래를 그리다.'라는 주제로 축제를 개최한다.",무료,https://culture.asan.go.kr/_esunshin/n24/,https://kfescdn.visitkorea.or.kr/kfes/upload/contents/db/c1152db9-0f84-498c-9e85-e97775ade5b0_3.jpg,
부여 문화유산 축제,2024·04·13 ~ 2024·04·14,충남 부여군,충청남도 부여군 부여읍 정림로 83,126.9133688,36.2793196,041-837-1722,2024 부여 문화유산 야행은 백제시대 제작된 건축용 벽돌 부여외리문양전(보물)을 활용하여 지역 문화유산과 개방기관을 연결하고 행사장 연출 및 팔문양에 담긴 내용들을 경관과 체험 등에 녹여 사비 백제만의 이야기로 색다른 즐거움을 느낄 수 있게 해주는 문화유산 프로그램으로서 세계유산 백제역사유적지구의 가치를 보존하고 알리고 전승하며 지역민 및 관광객들이 다 함께 즐길 수 있는 문화의 장을 마련한다.,"선비의 풍류를 따라 걷는 밤- 5,000원
사비 프리마켓/사비 예술장터(유료 및 무료 운영)/ 사비 야시장/ 굿뜨래특산물 로컬푸드 장터/ 무역왕국백제먹거리/반룡 사비스테이/반룡 캠핑- 유료",www.buyeo.go.kr,https://www.shinailbo.co.kr/news/photo/202402/1827392_971577_5410.jpg,
태안 세계튤립꽃박람회,2024·04·12 ~ 2024·05·07,충남 태안군,충청남도 태안군 안면읍 꽃지해안로 400,126.3305536,36.50164,0507-1497-5536,천혜의 자연경관을 갖춘 충남 태안 코리아플라워파크에서 4월 12일부터 5월 7일까지 제13회 태안 세계튤립꽃꽃박람회가 펼쳐진다.,"성인 : 14,000원
경로 및 단체: 12,000원
유아 및 청소년 : 11,000원",www.koreaflowerpark.com,"data:image/jpeg;base64,/9j/4AAQSkZJRgABAQAAAQABAAD/2wCEAAkGBxMTEhUSExMVFhUVFRgWFhUYFxcYFxYVFxUYGxoVGhcYHyggGBolHRUXITEhJSkrLy4uFx8zODMtNygtMCsBCgoKDg0OGxAQGy0lICUtLS0tLS0tLS0tLS0tLS0tLS0tLS0tLS0tLS0tLS0tLS0tLS0tLS0tLS0tLS0tLS0tLf/AABEIAQsAvQMBIgACEQEDEQH/xAAcAAABBQEBAQAAAAAAAAAAAAAFAQIDBAYHAAj/xABGEAACAQIEAwQGBggDCAMBAAABAhEAAwQSITEFQVEGEyJhMnGBkaGxB0JSU9HSFBUjcpKTwfBiguEWJDRDY6KywnSjwzP/xAAZAQADAQEBAAAAAAAAAAAAAAABAgMABAX/xAA3EQABAwIEAwUGBQQDAAAAAAABAAIRAyEEEjFBUWGRE3GBsfAiMkKhwdEFFBXh8VJTctKSorL/2gAMAwEAAhEDEQA/AOg0lONJXpBeYkivRSivNWWTKQ06kopUykqpxXiKWEzvOpgAb9eemwobZ7TK4JWzcIGhIgwYnrWkBddHAYmsztKbCW6TaPmQj1IaBt2kAMG1cBgtqF1UCSQZ1EazTv8AaDl3F6TyyifTCbTPpEL6zWzBU/SsZ/bPVv3Rmm0Gt9oA21i6dYPhEA9CZ0rzdoAN7N3UFhoNhEnflI99bMEv6VjP7fzb90Zr1BD2iEZu6uQQWmBGUbnfbUUp4+AYNm4DBOoUaAgHn/iX3jrRzhH9Jxn9s9W/dGYr0UIHHP8Ao3ufIDbfc7+VKvHv+hdO52XkYPPqD7j0rZ2pf0rF/wBHzb90Vip7Kc6z/wDtXaDZXS4m0yF0B1kiZ2M1pbYESNfOgXKdXBVsOR2rYnTn070w604Ca8Wimd7WuoKfLNDeIY22jhSYJ0A1kxudBoPOrWJxHhPkCT7BQy44YazJUgMFErmXWDMjlUX1AwgEwTx2E66hdFOl2gLspIE6GCTFgCQ4C+tul1Zs3g0wdjBqSKgwhAASAPUI+E71Zinw9Rz2S7W/nbxjVRxFNrKhDZjnE/JWyKSpnSmxRBRIUVeNTd3Te6rShBTbVqTTLi61dsCAaqONaAN0XAAIZxjha30yMYMyrDcaRtzGtCbHZcoCq3mAJkju0OoiDJM6QCOh1GtaeKQinK6aH4hiaDMlN8DWIafMFZy72cZiCb7HLmjwLAziGhZgSPKnHgVzT/eX055Vn2mZbrrOutHoqPE2iyMoYqWUqGX0lJEZhPMbj1UIHBU/V8Zu/wD6M/1QCzwUy4XEknMS4yo3iYCcwJOpAGhpmO4YLa572LCKNM9wWxEkaB2OmoHPkOlZ/gCWcM+KxOGE2cPa/Rzcd/8AicQXDPcZtoXQSBsWImrHai7au2bd+/aFzEK9zD2MOr57Ny+WyhxoM6iAZMRsdYpAZGl/XocVT9Txeb37f4U50/x/ga6I3a7OkKAt85YgeBGGUjbWZB+OnQUp7OsSWN9iSMplFIykgxBMRIFBuIYj9DPDbZvfscOTaxLq0hX7gBBcA9EGSQDyqTsn2ivYnHYm2hF3Chs63DINsRCqojUMwJg7BSa2dswRf9lv1PHFubtNp91nGP6Nd0ZTgNzf9JfSfqqfS3Op1J5nrrvXk7OMu2IbWZ8CncydzvLN7zR9IpWp4E6KY/FsZHvj/iz/AEWe/wBjVZu8uXnfafCJIAAiSTyETWhcQIGw2FL3mlQPdE6kSdhO9EBc+Jx1bEACq6Y0sBHgAAvGvUsV6KZcaSKTJ/cmnxSxWWTAtLTopYrIovfAiqwFTXm5VXrnaLLpebpQaeSaimkDUxEpQ5WAYmqbGpS5rP8AbHi1/DYc3bFgXWE5iTC21AJzsJBbpArD2brGXGAjVD7fFEbEvhYYXEtpd1iHRiRK6zoRBmNxWATtNxtbih8GWlgCncOAZO3eAkL+8TAovxviFvD8atXLrZEbAlM0Ey3fOQoAEsZA0HUUBUBv5o9kRbWx0MraxTL1vMpUzDAgxvBEaHkayXDcS17jDuO8FtcEoysGUgtcBUlD6JIk6gGOQopxPiV1bt1bZtgWLdu4yspL3e8ZhlU5gEEIQDDSzDTTV84iVMsvCzOA7OYGzibWCu4m/dK/tbWGuaWSxk5oC5WaAxgnr6qN4/sNhXW0ts3bHcs7IbLwQbhBbVgxGqjaIoR28wrjifD3tMqXHzorsMwlCIzKNx+1I9tbXhdu+EjENaZ53tqyqRy0YnWpta2S2PVlR5dAdm187qtwbgdnDIbdsE5zmdnJd7jH6zMdzT8Bwm1Ze69tMrXnz3DJ1aOnLcmB1NUcZ2i7m69u7bOUaqV1JUjmGI8/w63uFcWt4gOEzgrOjDWOR0JEa07vZacomAYH0XQ7AYkM7V7TkOUlwuIdF5HfvF7WV5RQPtBxruXRF6h321XXwa9QPlRe2DPzoTxrgBvOHVwpAAIPlzEf3pXlUMbVxuHc+kwth0C94EE8I4Ed4ld2Fw+FwuLa3FOBblJ0MToJiecc4KscJ4st4QPSiSuphdtTAE6iqvGezwvuHFwqYAOkjTbp1q/wnhaWFhdWPpMdz5eQ8qs4psqM3RSfcJr1KPaZB2uvL1+3BcL8S3D4p1T8PJaNBMHXkQbcM0ncmbDP9k8bcc3LbuXFs+FjqeY3O40B9taOKzvYjCkW3uH675R6lG//AHfCtLFVT/jIptx1RtPQEC1rgAG2gvKbFeinRSxWXmwmxSxSxSxWWV4ioyKlNNy1EK5UUUkVNkrwSjKEKHJWb+kTCs/D7+W4yG2hunLPjVASbZgjQj+m9aljVTHYRbtt7TiUuIyMNpVgQRPLQ0D7QIWHsmVlOA9nMdbvJdvcSe9aEk28reOVMSWYwJIPsotjOCF8dh8WGAFq3dtssanOPCQfIkz7KXs/2ct4YeG7fvHYNeutcyjaFXRV6SBPKrPHnuW7fe29kYM6QDmUkAjyiZ060GgRH1lVpU3VqoY0i9haBew0G+k6bm0oVwnh121f4hjHtEm4y91bUqWe3YtQuXXQuTsYOlEMFawmMW1ixbt3GABRmRTctMDOQk6o6ty5GjuYQI2O1DsRwCw1w3chS40Frlp3tO8bZzbIz/5poJNe9DOPcEa9icFeUiMPddmnfKyaR18Sr76KtdGYJPiImOg6noPXvSXcAghWuXfFoB31wSQJiQQToD7jVW7iO4cg2yLRUHOiExck5s8SdRlgxyOtOEwpPqENbcwYHG+g4mdu/wARdq3f/SsQbYtMCVT9pmEZVBEADaDR7C24USFzfWyghZ8gdaC4nimDdixuODENk71ZUfaCgTHU0RwWIW4pWwGUBPA7W2FvaBB0zctKaeK68ZRqua1zqRbAaCSwt91obdxN7DYC0akQrjGhGD4m737uHZQuRSyss7eGJJ3MNPvp3C8VeN65auG2e7VSSin0nggST0DVU4KubGYp/sxbB9sEf/XTXKSnhWsbW7QAxTDgROrnMykaah24Vbilu/YCMuIdy1wLlbYggnqZ2A9tX3xjXLt7CuuTNbfIw1lSI1B39Ll0IqXjmKw6G33xMq63EAEmV5nTaR8KDtxyy+LR1DhVtlZyyWYzGgnQZjQXfSpVsVSDzRJIa85wwD2gQWxlABjKRcfEea0fDMF3VtLczlGp2kkyT7yasxUeFxIuTC3Bt6dtlmekgT7KsBa0rw62c1HGp7xMnvN0yKWKkikihKSE2K9FOilijKyu5KTLV5rdILYrmzrryKplpDbq9A6U3LQzo5Fm+N8bs4YDvCS5EqiiWjr0UeZrL28bjOIMUsxbtj0t18J+03pNOukAda2+J7OWLt/v7ql2CqoVjKDLOuXmddjI8qzHHrl3AYw4lVzWbwCsuwnTSfqnwSPXFUa4G269nANw8ZaTZqxIL9Mw1a0TGkkOPxAbaF+H2sPgra2bl5M3pHMRJLfWy8l8MezeqfF8cxwmLBynJda2GAgFS1vL7QGj2Vc4bisJjjn7gMwAzF7SyvQF9QfITy2q3heDqVxC4iCt7Evdygn0Cy5ASP3J9sUCb3UZbSrB9cOz5mudmifeBMaaidbXEWVTGcGGJwtlS7IwRHDDWG7sbjnv5UOwS4rCXbdu7c76zcYW1JJzK5Bj0pjbaSPVWpe4iKSSAqjckAKo+QoY9s3biXWkIkm0h0YswjvXHLQnKp11kwdKIOy56eKcKTmPg072IBhx0ynUGYNjbU2lR4jFEsk23WLyAFgoBkPtDGNucb17AY3vDdGXKbV1rZ1mcsQ2wiZ28qp43AKtyy4LScQJBdmX0XYwDoNQKs8H4abRuliD3l1rgidFO0zz3pwueq2iaRM3IEWj4iDu60Dc68EJ4jhhb/S7lxhmuobduSJK5BoBuQSAI/w1bwFwpghkMlbOb7REjNtzidvKn9oMEhXvTZ751UIieIj0vsDQ6tJ05VX7Nd0jPahu+I7x/AVC7eFVjRRm20OvsorrJFXCZ7ktLSRAiGNa2LEkNDYlx1cYAiSLHCVtqWW3nuZiXe8YKs3MZ9ATzgTEmncIwy2nupmzOzG8dDIVvRn4/wAVO7QWjkRlJXJeRyRqVUSGaIMwGBPkDS8HwZBe6xYtcIguAD3arCyAAFJMmI2yzrNBczjmovqlx9q0akuBESYDYykmBEQBl0KsY3DhkJNtHZVJVWUEFo0EkaTtQXhfEHGjYJ0M72rJC+3NHzNaO9azIwMgEEFgYgEakHkfOsdhLd+5f7vDYi8bKEZ7ruSshtkgQdIgc9TtFGU+Bo06tKoKkQLy7OABfdtrmwBEk6TeNmi08rQrC9pcM7ZM+VpjxrkBMxEnSfIwaLqQdQQR5UCVx1cNUonLVaWngRCjIrxFS168FnwzHnWlShQRXop8UsUUIRYuOtemqIapFeufKuoPVktUZuVHJprMawasXJcRisgmJjeKoW8V3so6qVK6qRIPWQd9/hVphOhqGxZVSSNNQNT1AMfGuOtTrivTc1wDL5h4HlfrbVWp1KZpOBHtbHxHq3yTsJh7dpctu2qLMkKAoJ66c6exJqnj+MWLF2xZusQ+IZltaEgsoBIJ5bgD10J+kviRw/DMTctsVuZVRWBKsC9xVJBGoIUsfZXcSBdcxDnG515qD6ReIYrD4F72EAzqRnYgHu7cHM4VtCQQo16zUv0ecUuY3AWb9wg3DmVyABJRyJgaAkAGPOmYcPe4EBdbNcucOJLnUktYJVmJMkwRJJ1M1hfom4hxNcEy4Szh7tkX3nvLjI6sVtkgRplgg+00uc5k2RuXxXXrmEVipYSVbMvkcpWfc0e2vMtMw112RTcUK5UZlVswVuYDQJHsp5qolScdkG412kwmFdbd+/btu4lVadtQGMA5VkESYGhpOA4E2wSyQ7eK5cbLma4ddMpIyCTHyFcp+mXCrc4ph7YIU3LNpWYnQFr1xQx6QIrr+H4rhZW0uIsk6Kqi6hYxoAADJNAOkkKgcWUiwfFE+Exp377gHUK7FU+K8St4dc9wxM5VGrMR0HtGp01rEn6Qb+Gx1zD8Qw/d2O9ZbV9VaAuY5GYkkOpWDKwRrpyG344627L3+5F57Ft7ltYBaQswpIMTA1HTnWDwUrGNDwagJHIwT3GDHfw0ugq2cRjT4wbGH6bXLg8+oj1DyO9aXB4RLaBEUKo2A/vU+dYL6MfpDu4+9csX7dtWCG6jJIGUMqlCGJk+IEGeRro+WgH5hZdGIrOfDAA1o0aNBzO7jzM8oFkMxvA8PdkvaQk6lh4ST1zLBNScP4bbsJktrCk5iJJkwBMknoKvEU0007KJrVCzsy45eEmOmia1JFOilisolMivRTor0UZWUseVJFSV6KRUTFaK5/2w4rirOJZVuMEYq6b6HJlMTynMekwa6AVqjxTDWGULe7sb5GfLKtG6luY39lEQF24DEMoVc1RmZpERAPC4kHh0lVOAC4MJaLeJ8mYzMkMSRqddiKuWVDsX10Og6GBT8Bic9vMYBEq45B1MN7NJB6EGpbJBGYGQ0MCNiCog1y1aGeo1xMtmcsWkTB/YyJg2IvN1YzUMQ4k3HMyR3cNDE7WXOvphvNbPDrqozm3iwwRd2YZCEETqcsCgPb3tK/EbeHwIwmJw929iLf8A/ZCqnQrAOhYA3FO22tdH7bcCfF2FFpgt+xdS/YLej3ls6K3kQSPdQjhnZfGX8VYx3Eb9vPYLG3hrSfsreZSPTJktOU8/RGvSzgSe9RaQAOS1GJwf+7tZT7lra/wFR/Sgf0b8AuYLAJZugC6zNcdQQcpYiFkaEhVWY5zVztbwjFX0t/omLbDXEYk6SlwEDRh5RI33OnTJcG4jxOxxa1w+/ikxKPaN24e6Vci5XiCADMqvUeLamJgpQ20StJ224JcxFtXXH3cGtnM9xkJCskaliGWCI0JManSq/wBF3EL+I4el6+5uM1y4FYxmKK0CYGpkNQvtamGu49rPEL13uBYtPYw6G4FuuXuB5S0C1xgUWI1E1p+zuJELZsYO9Zw9tYR7ii0N9ltMe8MyTLAddZoA+0sR7KwHF+ELj+0RtXEz2cPZQ3AZAK92GAkHm91fZNbNuzfDcBbfFjCovcr3hYKbjqFG65yYPmIqXs3w+wMXjcTbv2rz33tghGVjaW1bC5Gykwc0+4VoMbeW3be4/oIjO+k+FVJbTnoDpWA3WJ0CA8P7bcNvqpXF2Rm+rcYW2mdityNZrS2wDBGoOoI1BHWedckbguGbFYPEYpLFu9iLyFMGtq0tm1hmVioxHh8d14AGaJcwB4THXrFpUARVCqoAVVACgDQAAaADpShxOqYtA0XBfomwxXjd9dsi4gEDYxcCx6tQfZXd8tci+h7Ak8W4ldM+A3LZ9dzET/8Aka7JloMMBO8SVXK0zLU5FIRVQVEhRRXop+Wly1pWyqOKSKkikitKEKxlpuWrJtUwqelSlXyqApVbHYC3dQ27iB1PI/MEag+Yq8RTCaYFAEtIc0wRwWL4zwF7SC1hmK279xEuZnJKkzDTyVhAInXIo51q7NkKqqNlAUeoCBT8TYDoUOxG43BGoYeYIBHmKa7MAPDmPPLA1jU+I7U2Yq9bEPrsa1xkgkk7kkC5J5COXeSliliou+f7tv4rf5qTvn+7b+K3+ahK5sh5dR91LFYbs5Z77jXEMSfRsJawqHlJUM49YZP+6tp3z/dt/En5qp8MwiWe9a1aYd9da9cOdDmuMAGOraDwjQab1tUQw8uo+6IZBMwJHPmPbUOOs5rVxRuyMvvUikOMMZsug557ce/NUgvv9238Vv8ANWlDszy6j7rjL9msKnCbBw6g8RupZuBkcm+BcupLhVbwqAwXNAGu8mu2fo4yZG8S5cpza5hEGZ3kb0P4ZgbdjN3OEW1nMtkW0uY9TB13ol37/dt/Fb/NSAQqZSdY6j7rlPaDjGBx+EuYDhli5dul1dO5td0lu4pkXnuNAUQCsnXWNK6VwH9KNvNi+6FwxCW5IUAAHM59JiZJgADYTuZ8JcjS3ajmQrWvfAapWxpBgoQehe1+alVOzPoj7qvwjgOHwrXmsplOIuG7d1Yy53Ik6DUmBprRGoxdf7pv4rf5q8b7/dN/Fb/NWWyHl1H3TmSmm3UpmmMKYKRCjK00ipaa1GUCEyKSKdFeiilVrvqU3hURpsUkBVkpzEVGadFJFEJJlNNJFOim3UY+iwHrXN/UUVgEH4pjbqXMqHSFJ/Zscqs6gsGnxMAWaNgF13E1G4tiIbKmZhazR3TrDEKQYJk6BmI0gsi8mNHe6u/bT+Wfz0vc3ftp/LP56MrqZUptAloPW/f7P76STeRnFXuXLCi0jnvGC3QMqutv/mAZiBmMZd+c1U7GYkdyLJRlYd4wBEg2+9KzIkaFssEzoTtrR3ubv3ifyz+el7q79tP5Z/PWlbtW9iaMCJzTLtb62g68Ba28rH3TYspfz2w2XGXRZtkfs5KIJZRplAO5BjlrRDhmMFuzatWnL5FJZsrRBW8wC5l0BuJlG+gA3IrRrYvfbX+Wfz1KuHu/bT+Wfz0C6ys7ECozK695u4kTECxZtJNjckzNoAcK4jedwCDlLgEEAnKUusWzKABDIg/zRzFF7SYibmfujbIbIEV+8/w5sxg6dI1q13N37afyj+evFb320/lH89IXSpvLCZaGjr101WM7K4i1YcL4HUWgHuDDsl23ca6qi1cYSWLHcH7M7US7U4Wy960jW1nW/euZJcYeyPRkDN4jCwOQNHst771P5Z/PSFL320/ln89GbyF0Oxk1u2Bg33PgbNGmotFha1wGO45iPStCVbvCB3TnKotg2zyjMCG16xR3hWId1YtydgD1Aj1TBzLPPLPOly3vtp/LP56Q27320/ln89aFz1KjHNDQAOd5/wDIVzNTGFIppzPNZc0pAteakFR4i4F3rTxWALjATWzTsI86dFKpkTS5aKBjcR63TzSRUhFJSrKOKSKlptxoBJ5UZWhMiq3FMK1y09tTBZSAeWvI+Xqp9nF5jAFW4ouBFii5paboNguG3Va3muZkRVJBYz3gtlDGglIy6HmCd9TX/UNwHW876Ksl2UwEZSTo2YzBGo3ail3FlZLKcoBJ05DnU2ExK3FDqZB/uDSxIlMQW6of+rXIvS0F/QKnL6JJUsQujToTrIMRpUX6lfOri44gXDHeEqGfvPqlfEBnAB5QdNavYzh/eMG726kLGVHyrz8UddR7h51CeF5UbNfvFcoks85coBLqY0YlQ06xqAByBQCrXeCXjhUsi4udXLawVy5icoOSQcpiY3J5QKsYzgruSRiHUls0yZGhGTfRecbTMATpFbwaMRlxV4kuCIu75VLZI5ghgxHkPVUT4Czb1OJughvE3eHMYtqcjNuPCqmPbQhMCpU4LcCMgukEplD5maCQk+HwwAU0EnQnUTpNiuG3GCgXyoFsIRDakMCHnOGmB1194NXEcPVBLYu+CbbwWuEAQGJuELHo51PL0V66pcwKNK/pN4sYCqbhkMmRwQCPSi3/AOXOTWhDVWn4bc/R3s95mZlgOepEahs3MZiQd2MRpVf9S3DbRTeYEKobKTlUhLglAIiTc8tFXmJKnAXLjMTcurm3ysVA8MeHp19ZPsKYPDd2gTM7R9Z2LMZM6sd96IhF4Ld0KwfBriFJus2UuZzc2N2PCVIOlxdzyPXWJOD3ALOa5DIxLAEBILq0ABByB001PlWhiq2Kw7MRBgRrRgLMAcYJhTV4Ulm1lEb1E+KAMUS4DVAUy4kNupqbctBtDT7bBhIp0VpBCW7XcwmBY0r0U4U6KwKEJSaixN8IpZthUiOCJBBHUUl22GUqRIO9BONbptu4GUMuoO1SFZ0qPD2Ai5RsKlBrLGJso0shdgBT6ZevBd6bYvh9q0rFriMykInQ1Dh8MqCFEDeKnim5tY93Q+2tKABTqixlxBbY3WVbeU5mZsoA6lpGX1zU0VyD6bnv/pGGty4sss+GYzBwHYgbkBk9/nSuNkzBJXUeH4WwFDWcuVvEro2YEwy5gZIJ8Ta6ySSdaceG2iWbLq5ljLCTlZZ300dtuprF/RBhO6s3kzlpcMBJygHMAQuwJAEnmfUK6FloNIIlZ4IMKjd4dbZVUgwghfEwgREaHXTTWabZ4VaVlZVIK+j4nMeDJsTB8OlEAlAsL2vwVy/+jpfVrklRocpYfVDRBPTrRlCCjUV6o8arZfDv/Slw6nKM29GUcns5p3TopQKRyAJO1KKKRRhgwMEHlp1oK9hw2s0btWFUkqIJ3pxFK5uZdNKv2ROW4PFU8DcHo86tXSdIE66+Qpq4VQZqWjCk9wLswSUteakttIkGQaKnFpS2cMiTlETvUppZr1ISTqqJkVHbzEmRA5dT51PTaIKCZdsq29NsWFXbc86mikrQjJiF6a9NLlpYrIKti8YltczmB86532t4yuIYLEouymIn7Xrox9IGKgooP1SfiKwYM0CmaFsux/F7VhWTJGdgTHqjQdNzHma3du4CARsdRXFkYgTMaTXWOzV3Nh08pFYIOndWuJ3Stm6w3W25HrCE18r2MUyOrqSCpBB8wZFd5+kTjt+2rWMPlBa22ZiJYSIhfODvFcACxQOqdgML6t4ZjFvWbd5DK3EVgR5iasVzD6FONMbb4RpKqxa03SRLIekRI9Z6adRimCm4XUb2g0SJjXWnxTRdXNkzLmicsjNHWN4p9FAqviwctMwKmD0q1FLQi8qgqQzImRXooHxHtfgbN3uLmIUXNAVAd8s/aKAhN5MkQNTpRm3eVkDoQ6kSpUghh1BGhoqcKSKQLSio71nNHiIjpWRAG6pvx/DggZ5nnBgfCpP13h/vB7m/CufcRXINeXzqqtw9avTotfomxjfy7GHczK6V+u8P96Pc34Uo4zh/vB7m/Cubd4etPFw9aocK3iVwjEE7BdG/XGH+8Hub8KcOM2PvB7m/Cuch/P508P8A4q35VvEpu3PBdD/XNj7we5vwpf1xY+8Hub8K58tz/F86lV/P50v5ZvEoiuV7tviA+IUrqpWAfZPr5Vnu6oxxMBnUnlbPvVaoYdc3iOx1rkcIJ7yu1lx0UZwxYQNI192v9K6H2cxaW7PjaBy9g1+YrF4cCZog3EwLYWDIJEjXVo389NPMis2Jume0kWQXtQxvM90ACRLGdCHPhkaiQF319dczu4Mgxzif9PXXYsVYUWmkZSxBOUR4uWnPQbCsm/B1Zyx3kDVWGvPSeprObBv69BGmRCI/RSnduhckDMzbDbu2BJO51n3e7pvE+0Ni1ZuXM+bIjNA3MAnQkRXNuBhLb2v8Sum5An0dvWw3oli0V0ZHBKsIMGDHkYq9Onmb3LmqOyuWBw3Gb1rGJi2Z5N0XWOpJUtDTESCsiPMbaV3z9c2PvB7m/CuQt2SsMCDdvKesI49UQseua0NhLa21UvcdxoWIVAdemvKmZQPxLVqoMZFvTxrD/eD3N+FZntv27t4WyBZIuX7ki2IOVerttMToOdClwobQtHU51EDroCfdQfF9n8KSfAxbWGN+4RvMgG3POmOH/pSMfeXLlGLxztcNx2ZnbVnYksx6knU7UX7N9ssVgXmy5y6Zrbao6ztB256iDWoxXZmwxlrRMCJ7xthzgGq9rsnYJC92xgzGdoHXUEGl/LPHBOK7CYEyeS6z2W7cYXF4dLucI8Rct+KUfmNtR0PSjH69w33o9zfhXF8JwhMM5yJBIE+JyCBqBo0H20SF/wC1APQA/wBTVW4UEXUH1i1xA+eqK8ZfvGHlv66kwOC0N19h6I6n8KkxNnK4UxJGYjn6qscSxttbYg+LaOnqFQ7VtJmVuvFehTpVa1cdt8Og7yg4vSXXfWZ6V4WzU/D8IQCxGrGfZVsW/KuqlZsLk/EHtqYhxbpYdFRWz66eLZogLZ/sU/uj/Yp864w1RtBtqI8Q95/HlTEsmraWzUyWzU5hXnNE8I6LO8aVw9tVUnNmBI5abeehPuoDY4u0AZPj/pXRVsTE68/aOdYrCYILjCpGi3tvIXPwrirNgzxXpYYyII0C9axlxhAUAnQEnb2VoOD8JuKzd6NVjKZkE8yOvLeq68O7u8V3yvA9U6e2K3PcGlpi8nZUrEBsDdZjjdmLQ83PwH+tZkxqATvtpvp5eVb3jWEzW9eRrIYzhmUZxtmj1GJH9aSoTmJTUQMijw2H/ZKwiUuqVnqSvXzNFLmH8ql4fgs1mNNWnadiNfhVl8Of7/1rqoOIE8h9f2XBiWifE/T91UXBgoTrmEwOVUjh/L+/fRJrDba671C2FPnXS13ErleBAgd/NDms/wB6/jTUw8mPjOlX2wp868bRXLOoaRryNCq9wYchvt37J8Nh+2qZfFMs8OEMNGMaHUR5jXX1GmpgiqM3LUTttQ23inL93rA25QZjU0as2rj2ykSfLpzrw8LVx7S4YkgjWbDh4X5Ac5K72Nw9GqHDUTbVBFUNr56eqKk/RSNNv9fbRPh/DgNTqF5dT0oNxa7+0OmvOvbdWyQ0cEuHwTcW99VxIBJI6olxHEqcTJOir8ahwV23q7AEs0g9AKH4DFLcLgKWYzJgHwjeOdXcPft3v2dtYC6zpv5es15bXl7gB6P8Lsc1lZwg7QiAx6nQRO9SDGr5Vn8YtxLmZJ8KnMfPeinDOIWmVVeBG+g0MaFf751V7nN3RrYOmzQq+MWvlUoxS9BVQ92cyqoO+8b6n0hvoariyuYZCs6gkmZGsxy2jXSpmq8KP5ccEYTErUq4pfKgNywPqsupJiZ06DrVqwE5tm05HXnyFYVHlFuHnZHLd8dBWdt2gccSB/zFPxE/1opZddI2Ou4/sUNs3AMXOkd4h9hifnRJJ1VWUsk9yP8A6MGvsepHyFadbdZvg93M5bqSade7QsWvWwIhGyMN50E/GnAUXU3vMN2RrGWpUjyrLYqzNt081I9Yn8aI8C4mXst3hJa25Uk7xAb/ANo9lDLmPXM28a6xvkOsezWg5pJgJ6dJwcW6wrHDxktANpufZVPBY5i7q0bZh5Cf9fhRI3bZjmYEEaiBQjKqXXuEiSAo05CZMdTFSpYgOlom1v4RaxhDg4XOivtfXypjYhKD42+O/tMPR2/yRPPqdYq5cx6KdbYBLZCdI11E8oI+VXcX7FY4QbKXE3QVOXfT2VX7xntAaEg69dDv7op+Gx1tyUQBc089SYnaNtKg4Yh764Bsigxyknf2QfbFTNSoW+zEyNeE36C45wN1WkGtp2i10GvkrMCTcugCNdBqR8RWnuWyqM+0LoPMiSaFWslq8c/MgieROkfGivajG5bRUCCZFNpObePXVTNOKxJFjHQx/CEYfizBFVVEsI18xvNPwthVBzhWY7k/IeVU/wBDAEnUqn1Tud/lFQLYO+0678jtUqAeHEAHkTpE6D1oqNoveS1tgvcEw0reuKIVSAB6gzH+/KoOBYZ0ZgGJ/ZFiQsZfH4Vk7k5hVnskS1u75mY6zoB7zHtqaxibeHOIRicxMrzEgsMvlEz/AJgaLSYDtACfqp03gtaRoCehJso+IH9hmUkl5GpE5tiJ9Yig3D8LcuAsT3ahoM754XlG2p91GOFWXugeCUyu6iNM2aQPaJqXiWIUIUAC/WAAgQ2/uMj1RTlua50HqVcgVjJ90T0/hI+FdMMh3dhAjqxIHwAFD8LgLuQux8KgRGubMJyjaNB8Klw1q81pQQcquxYGNE8MewksPbR3ioUWci+JtfCu4MSWMeQ9gFIIdroNFKmWVcubQeX2t80MC2uRBj6xJEgbDyZoPsp1rCKDDOSdAMo012k8+VVrOBeAp5iYO4BPXrFXuL30t3bZUysz64Jj4UAyJnwSsY25dwkeu7zXrkKpOaCNCDzB50zDgm6rxoBr5xy+VWMTZBuqxAi5GmugYaeo6g1avBQXXZgQwHq5VRrASTNjpyXQGNJkaQr1jEJbAZZi56IHIj6s+dR4axmvB19AqQNdyROnnHyoGmJy/s989yADy5yP75UUu2yhszOt0+yRBPz99bUez4qZtIZrv3fx5KLiFw2nXKYzPLdCW0JPqAFKLgIIAJy3TladyAMwHXfWoMfebv7bNEBmAA/wg+I+6q91ibdpV+ogg8gRGkD1Vg9xIa3nqqNcSWtbuNeqtcPuut2xbExFzN0CyAk+oRV3G2YuW1Y6sjk/vGGIHy9lVsNdbxuumVyvs0IPvqhxDHtdv2/tR/3eiT8D76kKbaft6l37nzPSBso3bL3bnoY063UGGw5e8RMgEhhrKqIO/n5dKJYy0zWyTrmB16Mvo0gIwzMTzTNqNNTtp7Ko4fFsWIY+FvEvQEgkfhVQ/J72pn+FQVMpl4ufHwCf2Vw2a5mfQwSP3Fy/DQj1GraOUvyxgM0jrkidRz1ze+p+C4Ne9Vi3/KKgf5mJ+AqDtAw75o+paPzAHzqNjSnnI8/XJctFwLHePnKH8aQ3A1xDCB1QOeeZhJHWKi49cuXALerd3lWRu2gmfjVx2JwqWwNMxYnzU6D4VHwV+9FzTX0z7ZpS19QNcdCi6nVrhrzZptM7d3NT4KLdlFfRmAbXSCSdPdQ7HG7oEXMomCPXtUS4y5dxAshiAE8QgEQq86la6AYGkRPr2/oKwdUFM5ogG0T8/RWe97aRGwMeKOdmMCquWLbohA6FRm9+lDOI4YXcUy7DPr7VA/oKp8Vx1y2isjFWGOCgiPRzXhHqjSiWH/4rFnmLIPtAuGaDq2YQBufNc7sTmDhGp+s/RP4oj4dgyGFR1UCdMpEEb7wJnqBTL2GN21mXTvEyiY0lp5b6g1d45h1eWYSQoM+ZA1+FUuC8l5C4YH8v8T76vUrA2HA+S66uKBpwB8J8jCMcVw6W8G+3itxPsYg+9jQnhdu5F13IDK6sg2m0VEL8Sak45cP6CDOwcfwO+X3QPdVTF4hu9Qz6RhttRB0+ArdqGvA6dERUFN7afAn/AF8h0snWMcoutauE7QrerUSeoEVV4lgGzi5BIZguWNzuT86eLSvfTMJ8Db+pq1PGt1/en25W1o1CYcOCbE1JLmHgD8p8whvaZCltX2JYnz12+VZ7heMYuS0lisz5zt860XaPxW7U67fKgvCbY75dN7Znzhqb3qgPrZFvwuOg1V7hQBvZmGg8WvLTU/Or/abES9pBoTJEdcpiKr4JRL/uUJx2rW51grHlK1zOqFkxx+gXLVqdm5xbxj5KySbr21OjBGduhLO49m3xqtw4sHuAMcozDTpI/wBaQ/8AEsOWWI8s7mKu8DtAG8I0CCPjVcPUlnj9lfC4odmQRum2rx7rEFBLAoVB10lgRHmAanwFtFvlyNnJB5ZGIg/OqvAPSvfufn/Gm2Nf0hTsLZIHT0/wHuqLhDc86E+a5alMhjnSbOiNlY7XYn9vaAnxEKAI1DGDPlFCeDXwwuC43iRojfmY+Ip9/wBK0ehSPLw1T4F/xl3yZo95osrGS4rU8SRUDo5fRaOw5tobi7i6FHrZlWPczVVF4XMS2aQLilQP3XU/+tXQv+7v/wDIX/yofYWbtj9565nPJvxnzK5XVHEk8SrGFZjh9OecA+pjp7qB4W+6sFQkFrij/LDT86O4G+xzKToCNNB16VV7L+PENm1y5gJ5b11k5mMbsu5z5w7GiwJumYJLeEvXGuklrixpy2IFQDEuZItH0jqee23vo/x6ypvtoPRHzoaLpZmk7HT3Uezc53ZNNgmbSNR/5dpgG/Piv//Z",
보령·AMC 국제 모터 페스티벌,2024·05·04 ~ 2024·05·06,충남 보령시,충청남도 보령시 신흑동,126.5150396,36.3146055,010-5676-8573,"아주자동차대학교 의 축제가 국제 대회로 성장하였다. 벌써 14년 차를 맞이한 대한민국 최장수, 최대 규모 야외 모터 페스티벌이다.
풍성한 내용과 다양한 체험 프로그램으로 많은 관람객이 즐기고 경험 할 수 있는 축제의 장을 만들고, 국내 자동차 문화와 모터스포츠에만 국한되지 않고,국외 선수들과 경쟁,완성 차 기업들을 유입 시켜 대형 국제 모터 페스티벌이 되었다. 보령시의 대표적인 '머드 축제'이미지 뿐만 아니라 '모터 페스티벌'의 이미지를 지속적으로 많은 대중들에게 알리고 있으며, 보령시의 새로운 문화,풍경을 각인 시켜 외부 관람객 및 참여인들이 유입되어 작년 기준 10만명을 기록하였다.",무료,www.infoamf.com,https://cdn.imweb.me/thumbnail/20240306/f9f387644c79f.jpg,
보은 벚꽃길 축제,2024·03·29 ~ 2024·03·31,충북 보은군,충청북도 보은군 보은읍 이평리,127.7229447,36.4808516,043-540-3392,"보은 벚꽃길 축제는 보은읍 보청천 벚꽃길 일원에서 펼쳐지는 축제로 '보은 빅쇼 열린콘서트'를 시작으로 '청춘을 보은 벚꽃버스킹' 등 다양한 문화예술공연이 펼쳐지며,소풍의 계절에 온가족이 함께 즐기는 벚꽃 피크닉 존과 풍성한 체험프로그램, '벚꽃길 자전거 문화축전', '한마음 벚꽃길 걷기 행사' 등 보청천 벚꽃길 따라 다양한 연계프로그램을 진행하여 관광객들에게 많은 볼거리, 즐길거리를 선사할 예정이다.",무료,www.boeun.go.kr/,https://tong.visitkorea.or.kr/cms/resource/53/3109653_image2_1.jpg,
옥천묘목축제,2024·03·29 ~ 2024·03·31,충북 옥천군,충청북도 옥천군 이원면 이원로 828,127.6305938,36.24689,043-730-3593,"90년 전통, 전국 유일의 옥천 묘목산업특구에서 개최되는 국내 최고규모의 묘목축제이다. 묘목 나누어주기(2만주), 묘목 심어가기, 묘목 경매, 묘목 전시 및 판매, 묘목 상담관 등의 묘목관련 프로그램을 운영하며 제22회 '투투'를 맞아 연인과 가족들이 즐길 수 있는 체험행사를 준비하고 있다.",무료,www.oc.go.kr,https://cdn.thecm.net/news/photo/202402/49083_36115_2854.jpg,
대한민국 와인축제,2024·05·24 ~ 2024·05·26,충북 영동군,영동천주차장 충청북도 영동군 영동읍 계산리 867-71,127.774598,36.1750233,043-745-8919,"와인의 고장, 영동에서 열리는 대한민국와인축제는 대한민국 최고의 와인을 소개하는 축제이다. 영동지역의 40여개 와이너리 농가에서 만든 와인은 물론 영동 이외의 지역 와인도 함께 즐길 수 있다. 와인 전문 체험 프로그램과 각종 공연은 물론 농가형 와이너리의 정취와 낭만을 즐길 수 있다.",무료 (체험의 경우 체험비 있음),www.대한민국와인축제.com,https://yd21.go.kr/ydft/img/sub01/sub01_010201_img01.jpg,
괴산 빨간맛 페스티벌,2024.05.24 ~ 2024.05.26,충북 괴산군,충청북도 괴산군 괴산읍 임꺽정로 99-9 (괴산문화체육센터_유기농엑스포광장),127.7859762,36.8138351,043-830-3114,"괴산의 대표 농산물인 '고추'에서 연상되고, '봄 꽃(홍매화, 양귀비, 튤립 등)'에서 연상되는 '빨간색'에서 착안하고
젊은세대에 소구력있는 '매운맛'을 트랜드로 하여 괴산의 봄을 대표하는 젊고, 활력 넘치는 축제",무료,https://www.goesan.go.kr/festival/index.do#,https://www.mediaboot.co.kr/news/photo/202402/79292_91161_3446.jpg,
